#
# There is insufficient memory for the Java Runtime Environment to continue.
# Native memory allocation (mmap) failed to map 677380096 bytes for G1 virtual space
# Possible reasons:
#   The system is out of physical RAM or swap space
#   The process is running with CompressedOops enabled, and the Java Heap may be blocking the growth of the native heap
# Possible solutions:
#   Reduce memory load on the system
#   Increase physical memory or swap space
#   Check if swap backing store is full
#   Decrease Java heap size (-Xmx/-Xms)
#   Decrease number of Java threads
#   Decrease Java thread stack sizes (-Xss)
#   Set larger code cache with -XX:ReservedCodeCacheSize=
#   JVM is running with Unscaled Compressed Oops mode in which the Java heap is
#     placed in the first 4GB address space. The Java Heap base address is the
#     maximum limit for the native heap growth. Please use -XX:HeapBaseMinAddress
#     to set the Java Heap base and to place the Java Heap above 4GB virtual address.
# This output file may be truncated or incomplete.
#
#  Out of Memory Error (os_windows.cpp:3769), pid=9188, tid=6788
#
# JRE version: OpenJDK Runtime Environment (17.0.6) (build 17.0.6+0-b2043.56-9586694)
# Java VM: OpenJDK 64-Bit Server VM (17.0.6+0-b2043.56-9586694, mixed mode, tiered, compressed oops, compressed class ptrs, g1 gc, windows-amd64)
# No core dump will be written. Minidumps are not enabled by default on client versions of Windows
#

---------------  S U M M A R Y ------------

Command Line: --add-opens=java.base/java.util=ALL-UNNAMED --add-opens=java.base/java.lang=ALL-UNNAMED --add-opens=java.base/java.lang.invoke=ALL-UNNAMED --add-opens=java.prefs/java.util.prefs=ALL-UNNAMED --add-opens=java.base/java.nio.charset=ALL-UNNAMED --add-opens=java.base/java.net=ALL-UNNAMED --add-opens=java.base/java.util.concurrent.atomic=ALL-UNNAMED -Xmx2048m -Dfile.encoding=UTF-8 -Duser.country=GR -Duser.language=el -Duser.variant org.gradle.launcher.daemon.bootstrap.GradleDaemon 8.0

Host: AMD Ryzen 5 2600 Six-Core Processor            , 12 cores, 7G,  Windows 11 , 64 bit Build 22621 (10.0.22621.1778)
Time: Fri Jun 30 00:36:07 2023  Windows 11 , 64 bit Build 22621 (10.0.22621.1778) elapsed time: 9876.268272 seconds (0d 2h 44m 36s)

---------------  T H R E A D  ---------------

Current thread (0x00000148041e3a20):  VMThread "VM Thread" [stack: 0x0000000a59f00000,0x0000000a5a000000] [id=6788]

Stack: [0x0000000a59f00000,0x0000000a5a000000]
Native frames: (J=compiled Java code, j=interpreted, Vv=VM code, C=native code)
V  [jvm.dll+0x683b4a]
V  [jvm.dll+0x842654]
V  [jvm.dll+0x843dfe]
V  [jvm.dll+0x844463]
V  [jvm.dll+0x249b75]
V  [jvm.dll+0x680a19]
V  [jvm.dll+0x674f0a]
V  [jvm.dll+0x309acb]
V  [jvm.dll+0x310f86]
V  [jvm.dll+0x3608ee]
V  [jvm.dll+0x360b1f]
V  [jvm.dll+0x2dfbf8]
V  [jvm.dll+0x2ddec4]
V  [jvm.dll+0x2dd4cc]
V  [jvm.dll+0x322261]
V  [jvm.dll+0x84893b]
V  [jvm.dll+0x849674]
V  [jvm.dll+0x849b8d]
V  [jvm.dll+0x849f64]
V  [jvm.dll+0x84a030]
V  [jvm.dll+0x7f25fa]
V  [jvm.dll+0x682985]
C  [ucrtbase.dll+0x29363]
C  [KERNEL32.DLL+0x126ad]
C  [ntdll.dll+0x5a9f8]

VM_Operation (0x0000000a657fa8e0): G1TryInitiateConcMark, mode: safepoint, requested by thread 0x000001480dbfbbf0


---------------  P R O C E S S  ---------------

Threads class SMR info:
_java_thread_list=0x000001480e152c00, length=184, elements={
0x0000014867e483a0, 0x0000014804c13260, 0x0000014804c15e20, 0x0000014804c2a140,
0x0000014804c2acf0, 0x0000014804c2d7b0, 0x0000014804c2e160, 0x0000014804c2fa90,
0x0000014804c5e7d0, 0x0000014804c5f0d0, 0x0000014804dc7340, 0x0000014804dc7810,
0x0000014806668ed0, 0x00000148079bc120, 0x0000014807fc1980, 0x0000014805fbf7c0,
0x0000014805fc0b00, 0x0000014805fbd610, 0x0000014805fbf2f0, 0x0000014805fbe480,
0x0000014805fbfc90, 0x0000014805e70bd0, 0x0000014805e6eef0, 0x0000014805e71a40,
0x0000014805e6dbb0, 0x0000014805e71f10, 0x0000014805e71570, 0x0000014808935d40,
0x00000148089353a0, 0x0000014808936210, 0x00000148089366e0, 0x0000014808936bb0,
0x0000014808937550, 0x0000014808937a20, 0x000001480a9d55d0, 0x000001480dbfcf30,
0x000001480e4f08d0, 0x000001480aa14a40, 0x000001480a9d7c50, 0x000001480a9d72b0,
0x000001480a9d4760, 0x000001480f5081a0, 0x000001480f507800, 0x000001480f508670,
0x000001480f508b40, 0x000001480f5099b0, 0x000001480f509010, 0x000001480f506e60,
0x000001480f509e80, 0x000001480f507330, 0x000001480e4ef590, 0x000001480e4f1740,
0x000001480e4f38f0, 0x000001480e4f0da0, 0x000001480e4ed3e0, 0x000001480e4edd80,
0x000001480e4ecf10, 0x000001480e4ee720, 0x000001480e4ec570, 0x000001480e4f1270,
0x000001480e4efa60, 0x000001480e4f1c10, 0x000001480e4eebf0, 0x000001480e4ef0c0,
0x000001480e4f0400, 0x000001480e4f20e0, 0x000001480e4f25b0, 0x000001480e4ed8b0,
0x000001480e4f2a80, 0x000001480e4ee250, 0x000001480e4f2f50, 0x000001480e4f3420,
0x000001480e4eca40, 0x00000148133561c0, 0x0000014813358840, 0x0000014813358d10,
0x0000014813356b60, 0x00000148133596b0, 0x0000014813359b80, 0x0000014813357ea0,
0x0000014813358370, 0x0000014813357030, 0x00000148133591e0, 0x0000014813356690,
0x0000014813357500, 0x00000148133579d0, 0x000001480dcb00c0, 0x000001480dcb0f30,
0x000001480dcb1da0, 0x000001480dcafbf0, 0x000001480dcb0590, 0x000001480dcb0a60,
0x000001480dcb1400, 0x000001480dcb18d0, 0x000001480dcaed80, 0x000001480dcaf250,
0x000001480dcb2270, 0x000001480dcb2740, 0x000001480dcaf720, 0x000001480a742bc0,
0x000001480a7443d0, 0x000001480a743a30, 0x000001480a7460b0, 0x000001480a745be0,
0x000001480a743f00, 0x000001480a743090, 0x000001480a7448a0, 0x000001480a743560,
0x000001480a744d70, 0x000001480a745710, 0x000001480a746580, 0x000001480a745240,
0x000001480a642280, 0x000001480a641410, 0x000001480a6418e0, 0x000001480a641db0,
0x000001480a642750, 0x000001480a642c20, 0x00000148172295e0, 0x0000014817227dd0,
0x00000148172282a0, 0x0000014817228770, 0x0000014817228c40, 0x0000014817229110,
0x000001480dedd1e0, 0x000001480dedc840, 0x000001480deddb80, 0x000001480dedd6b0,
0x000001480dede050, 0x000001480dedcd10, 0x0000014815dfc010, 0x0000014815dfc4e0,
0x0000014815dfd820, 0x0000014815dfc9b0, 0x0000014815dfce80, 0x0000014815dfd350,
0x000001480ea6a060, 0x000001480ea6aed0, 0x000001480ea6a530, 0x000001480ea6b3a0,
0x000001480ea6aa00, 0x000001480ea6b870, 0x000001480e86a550, 0x000001480e86b3c0,
0x000001480e86aef0, 0x000001480e86b890, 0x000001480e86aa20, 0x0000014813401fb0,
0x0000014813402950, 0x0000014813402480, 0x0000014813402e20, 0x0000014813401ae0,
0x00000148134032f0, 0x000001480e86bd60, 0x000001480f4f38d0, 0x000001480f4f4270,
0x000001480f4f3400, 0x000001480a750db0, 0x000001480a752f60, 0x000001480a753900,
0x000001480a7525c0, 0x000001480a751280, 0x000001480a74ff40, 0x000001480a750410,
0x000001480a751750, 0x000001480a751c20, 0x000001480a752a90, 0x000001480a7520f0,
0x000001480a64c750, 0x000001480a64b410, 0x000001480f4f4740, 0x000001480f4f3da0,
0x000001480dbfd400, 0x000001480dbfbbf0, 0x000001480f4aa970, 0x000001480f4ab7e0,
0x000001480f4ab310, 0x000001480f4a9fd0, 0x000001480f4aae40, 0x000001480f4aa4a0,
0x0000014805719960, 0x000001480571b170, 0x000001480845e290, 0x0000014805719e30
}

Java Threads: ( => current thread )
  0x0000014867e483a0 JavaThread "main" [_thread_blocked, id=1636, stack(0x0000000a59900000,0x0000000a59a00000)]
  0x0000014804c13260 JavaThread "Reference Handler" daemon [_thread_blocked, id=11428, stack(0x0000000a5a000000,0x0000000a5a100000)]
  0x0000014804c15e20 JavaThread "Finalizer" daemon [_thread_blocked, id=20520, stack(0x0000000a5a100000,0x0000000a5a200000)]
  0x0000014804c2a140 JavaThread "Signal Dispatcher" daemon [_thread_blocked, id=5844, stack(0x0000000a5a200000,0x0000000a5a300000)]
  0x0000014804c2acf0 JavaThread "Attach Listener" daemon [_thread_blocked, id=2776, stack(0x0000000a5a300000,0x0000000a5a400000)]
  0x0000014804c2d7b0 JavaThread "Service Thread" daemon [_thread_blocked, id=21188, stack(0x0000000a5a400000,0x0000000a5a500000)]
  0x0000014804c2e160 JavaThread "Monitor Deflation Thread" daemon [_thread_blocked, id=17948, stack(0x0000000a5a500000,0x0000000a5a600000)]
  0x0000014804c2fa90 JavaThread "C2 CompilerThread0" daemon [_thread_blocked, id=12084, stack(0x0000000a5a600000,0x0000000a5a700000)]
  0x0000014804c5e7d0 JavaThread "C1 CompilerThread0" daemon [_thread_blocked, id=12776, stack(0x0000000a5a700000,0x0000000a5a800000)]
  0x0000014804c5f0d0 JavaThread "Sweeper thread" daemon [_thread_blocked, id=21332, stack(0x0000000a5a800000,0x0000000a5a900000)]
  0x0000014804dc7340 JavaThread "Common-Cleaner" daemon [_thread_blocked, id=13484, stack(0x0000000a5a900000,0x0000000a5aa00000)]
  0x0000014804dc7810 JavaThread "Notification Thread" daemon [_thread_blocked, id=8048, stack(0x0000000a5aa00000,0x0000000a5ab00000)]
  0x0000014806668ed0 JavaThread "Daemon health stats" [_thread_blocked, id=4184, stack(0x0000000a5b200000,0x0000000a5b300000)]
  0x00000148079bc120 JavaThread "Incoming local TCP Connector on port 65259" [_thread_in_native, id=15660, stack(0x0000000a5ac00000,0x0000000a5ad00000)]
  0x0000014807fc1980 JavaThread "Daemon periodic checks" [_thread_blocked, id=964, stack(0x0000000a5ad00000,0x0000000a5ae00000)]
  0x0000014805fbf7c0 JavaThread "Cache worker for journal cache (C:\Users\Aris\.gradle\caches\journal-1)" [_thread_blocked, id=9000, stack(0x0000000a5c100000,0x0000000a5c200000)]
  0x0000014805fc0b00 JavaThread "File lock request listener" [_thread_in_native, id=17148, stack(0x0000000a5c200000,0x0000000a5c300000)]
  0x0000014805fbd610 JavaThread "Cache worker for file hash cache (C:\Users\Aris\.gradle\caches\8.0\fileHashes)" [_thread_blocked, id=6948, stack(0x0000000a5c300000,0x0000000a5c400000)]
  0x0000014805fbf2f0 JavaThread "File watcher server" daemon [_thread_blocked, id=2584, stack(0x0000000a5c400000,0x0000000a5c500000)]
  0x0000014805fbe480 JavaThread "File watcher consumer" daemon [_thread_blocked, id=11096, stack(0x0000000a5c500000,0x0000000a5c600000)]
  0x0000014805fbfc90 JavaThread "Cache worker for file content cache (C:\Users\Aris\.gradle\caches\8.0\fileContent)" [_thread_blocked, id=6092, stack(0x0000000a5c800000,0x0000000a5c900000)]
  0x0000014805e70bd0 JavaThread "Cache worker for execution history cache (C:\Users\Aris\.gradle\caches\8.0\executionHistory)" [_thread_blocked, id=3452, stack(0x0000000a5cb00000,0x0000000a5cc00000)]
  0x0000014805e6eef0 JavaThread "jar transforms" [_thread_blocked, id=13852, stack(0x0000000a5cc00000,0x0000000a5cd00000)]
  0x0000014805e71a40 JavaThread "jar transforms Thread 2" [_thread_blocked, id=22424, stack(0x0000000a5cd00000,0x0000000a5ce00000)]
  0x0000014805e6dbb0 JavaThread "jar transforms Thread 3" [_thread_blocked, id=19624, stack(0x0000000a5d000000,0x0000000a5d100000)]
  0x0000014805e71f10 JavaThread "jar transforms Thread 4" [_thread_blocked, id=18140, stack(0x0000000a5d100000,0x0000000a5d200000)]
  0x0000014805e71570 JavaThread "jar transforms Thread 5" [_thread_blocked, id=11408, stack(0x0000000a5ce00000,0x0000000a5cf00000)]
  0x0000014808935d40 JavaThread "jar transforms Thread 6" [_thread_blocked, id=7492, stack(0x0000000a64e00000,0x0000000a64f00000)]
  0x00000148089353a0 JavaThread "jar transforms Thread 7" [_thread_blocked, id=2500, stack(0x0000000a64f00000,0x0000000a65000000)]
  0x0000014808936210 JavaThread "jar transforms Thread 8" [_thread_blocked, id=21512, stack(0x0000000a65000000,0x0000000a65100000)]
  0x00000148089366e0 JavaThread "jar transforms Thread 9" [_thread_blocked, id=11256, stack(0x0000000a65100000,0x0000000a65200000)]
  0x0000014808936bb0 JavaThread "jar transforms Thread 10" [_thread_blocked, id=5996, stack(0x0000000a65200000,0x0000000a65300000)]
  0x0000014808937550 JavaThread "jar transforms Thread 11" [_thread_blocked, id=3964, stack(0x0000000a65300000,0x0000000a65400000)]
  0x0000014808937a20 JavaThread "jar transforms Thread 12" [_thread_blocked, id=4084, stack(0x0000000a65400000,0x0000000a65500000)]
  0x000001480a9d55d0 JavaThread "Memory manager" [_thread_blocked, id=4556, stack(0x0000000a65500000,0x0000000a65600000)]
  0x000001480dbfcf30 JavaThread "Cache worker for Java compile cache (C:\Users\Aris\.gradle\caches\8.0\javaCompile)" [_thread_blocked, id=11380, stack(0x0000000a66000000,0x0000000a66100000)]
  0x000001480e4f08d0 JavaThread "ForkJoinPool.commonPool-worker-67" daemon [_thread_blocked, id=33312, stack(0x0000000a68500000,0x0000000a68600000)]
  0x000001480aa14a40 JavaThread "Daemon Thread 25" [_thread_blocked, id=28368, stack(0x0000000a59600000,0x0000000a59700000)]
  0x000001480a9d7c50 JavaThread "Handler for socket connection from /127.0.0.1:65259 to /127.0.0.1:57434" [_thread_in_native, id=24432, stack(0x0000000a59700000,0x0000000a59800000)]
  0x000001480a9d72b0 JavaThread "Cancel handler" [_thread_blocked, id=23888, stack(0x0000000a59800000,0x0000000a59900000)]
  0x000001480a9d4760 JavaThread "Daemon worker Thread 25" [_thread_blocked, id=32576, stack(0x0000000a5b300000,0x0000000a5b400000)]
  0x000001480f5081a0 JavaThread "Asynchronous log dispatcher for DefaultDaemonConnection: socket connection from /127.0.0.1:65259 to /127.0.0.1:57434" [_thread_blocked, id=32880, stack(0x0000000a5b700000,0x0000000a5b800000)]
  0x000001480f507800 JavaThread "Stdin handler" [_thread_blocked, id=31956, stack(0x0000000a5b900000,0x0000000a5ba00000)]
  0x000001480f508670 JavaThread "Daemon client event forwarder" [_thread_blocked, id=32884, stack(0x0000000a5c600000,0x0000000a5c700000)]
  0x000001480f508b40 JavaThread "Cache worker for checksums cache (C:\Users\Aris\AndroidStudioProjects\FrontEnddistributedsystems2023\.gradle\8.0\checksums)" [_thread_blocked, id=7460, stack(0x0000000a5c700000,0x0000000a5c800000)]
  0x000001480f5099b0 JavaThread "Cache worker for cache directory md-rule (C:\Users\Aris\.gradle\caches\8.0\md-rule)" [_thread_blocked, id=25760, stack(0x0000000a5c900000,0x0000000a5ca00000)]
  0x000001480f509010 JavaThread "Cache worker for file hash cache (C:\Users\Aris\AndroidStudioProjects\FrontEnddistributedsystems2023\.gradle\8.0\fileHashes)" [_thread_blocked, id=33496, stack(0x0000000a5ca00000,0x0000000a5cb00000)]
  0x000001480f506e60 JavaThread "Cache worker for cache directory md-supplier (C:\Users\Aris\.gradle\caches\8.0\md-supplier)" [_thread_blocked, id=28232, stack(0x0000000a5cf00000,0x0000000a5d000000)]
  0x000001480f509e80 JavaThread "Cache worker for dependencies-accessors (C:\Users\Aris\AndroidStudioProjects\FrontEnddistributedsystems2023\.gradle\8.0\dependencies-accessors)" [_thread_blocked, id=11384, stack(0x0000000a5d200000,0x0000000a5d300000)]
  0x000001480f507330 JavaThread "Cache worker for Build Output Cleanup Cache (C:\Users\Aris\AndroidStudioProjects\FrontEnddistributedsystems2023\.gradle\buildOutputCleanup)" [_thread_blocked, id=33020, stack(0x0000000a5d300000,0x0000000a5d400000)]
  0x000001480e4ef590 JavaThread "Unconstrained build operations" [_thread_blocked, id=32540, stack(0x0000000a5d400000,0x0000000a5d500000)]
  0x000001480e4f1740 JavaThread "Unconstrained build operations Thread 2" [_thread_blocked, id=4924, stack(0x0000000a5d500000,0x0000000a5d600000)]
  0x000001480e4f38f0 JavaThread "Unconstrained build operations Thread 3" [_thread_blocked, id=11884, stack(0x0000000a5d600000,0x0000000a5d700000)]
  0x000001480e4f0da0 JavaThread "Unconstrained build operations Thread 4" [_thread_blocked, id=33036, stack(0x0000000a5d700000,0x0000000a5d800000)]
  0x000001480e4ed3e0 JavaThread "Unconstrained build operations Thread 5" [_thread_blocked, id=27984, stack(0x0000000a5d800000,0x0000000a5d900000)]
  0x000001480e4edd80 JavaThread "Unconstrained build operations Thread 6" [_thread_blocked, id=11900, stack(0x0000000a5d900000,0x0000000a5da00000)]
  0x000001480e4ecf10 JavaThread "Unconstrained build operations Thread 7" [_thread_blocked, id=32068, stack(0x0000000a5da00000,0x0000000a5db00000)]
  0x000001480e4ee720 JavaThread "Unconstrained build operations Thread 8" [_thread_blocked, id=31796, stack(0x0000000a5db00000,0x0000000a5dc00000)]
  0x000001480e4ec570 JavaThread "Unconstrained build operations Thread 9" [_thread_blocked, id=18708, stack(0x0000000a5dc00000,0x0000000a5dd00000)]
  0x000001480e4f1270 JavaThread "Unconstrained build operations Thread 10" [_thread_blocked, id=19880, stack(0x0000000a5dd00000,0x0000000a5de00000)]
  0x000001480e4efa60 JavaThread "Unconstrained build operations Thread 11" [_thread_blocked, id=32304, stack(0x0000000a5de00000,0x0000000a5df00000)]
  0x000001480e4f1c10 JavaThread "Unconstrained build operations Thread 12" [_thread_blocked, id=33544, stack(0x0000000a5df00000,0x0000000a5e000000)]
  0x000001480e4eebf0 JavaThread "Unconstrained build operations Thread 13" [_thread_blocked, id=9644, stack(0x0000000a5e000000,0x0000000a5e100000)]
  0x000001480e4ef0c0 JavaThread "Unconstrained build operations Thread 14" [_thread_blocked, id=6108, stack(0x0000000a5e100000,0x0000000a5e200000)]
  0x000001480e4f0400 JavaThread "Unconstrained build operations Thread 15" [_thread_blocked, id=32228, stack(0x0000000a5e200000,0x0000000a5e300000)]
  0x000001480e4f20e0 JavaThread "Unconstrained build operations Thread 16" [_thread_blocked, id=33180, stack(0x0000000a5e300000,0x0000000a5e400000)]
  0x000001480e4f25b0 JavaThread "Unconstrained build operations Thread 17" [_thread_blocked, id=32136, stack(0x0000000a5e400000,0x0000000a5e500000)]
  0x000001480e4ed8b0 JavaThread "Unconstrained build operations Thread 18" [_thread_blocked, id=32036, stack(0x0000000a5e500000,0x0000000a5e600000)]
  0x000001480e4f2a80 JavaThread "Unconstrained build operations Thread 19" [_thread_blocked, id=26556, stack(0x0000000a5e600000,0x0000000a5e700000)]
  0x000001480e4ee250 JavaThread "Unconstrained build operations Thread 20" [_thread_blocked, id=15484, stack(0x0000000a5e700000,0x0000000a5e800000)]
  0x000001480e4f2f50 JavaThread "Unconstrained build operations Thread 21" [_thread_blocked, id=33328, stack(0x0000000a5e800000,0x0000000a5e900000)]
  0x000001480e4f3420 JavaThread "Unconstrained build operations Thread 22" [_thread_blocked, id=6572, stack(0x0000000a5e900000,0x0000000a5ea00000)]
  0x000001480e4eca40 JavaThread "Unconstrained build operations Thread 23" [_thread_blocked, id=23252, stack(0x0000000a5ea00000,0x0000000a5eb00000)]
  0x00000148133561c0 JavaThread "Unconstrained build operations Thread 24" [_thread_blocked, id=32800, stack(0x0000000a5eb00000,0x0000000a5ec00000)]
  0x0000014813358840 JavaThread "Unconstrained build operations Thread 25" [_thread_blocked, id=32552, stack(0x0000000a5ec00000,0x0000000a5ed00000)]
  0x0000014813358d10 JavaThread "Unconstrained build operations Thread 26" [_thread_blocked, id=32968, stack(0x0000000a5ed00000,0x0000000a5ee00000)]
  0x0000014813356b60 JavaThread "Unconstrained build operations Thread 27" [_thread_blocked, id=33716, stack(0x0000000a5ee00000,0x0000000a5ef00000)]
  0x00000148133596b0 JavaThread "Unconstrained build operations Thread 28" [_thread_blocked, id=32668, stack(0x0000000a5ef00000,0x0000000a5f000000)]
  0x0000014813359b80 JavaThread "Unconstrained build operations Thread 29" [_thread_blocked, id=27700, stack(0x0000000a5f000000,0x0000000a5f100000)]
  0x0000014813357ea0 JavaThread "Unconstrained build operations Thread 30" [_thread_blocked, id=33044, stack(0x0000000a5f100000,0x0000000a5f200000)]
  0x0000014813358370 JavaThread "Unconstrained build operations Thread 31" [_thread_blocked, id=32560, stack(0x0000000a5f200000,0x0000000a5f300000)]
  0x0000014813357030 JavaThread "Unconstrained build operations Thread 32" [_thread_blocked, id=27888, stack(0x0000000a5f300000,0x0000000a5f400000)]
  0x00000148133591e0 JavaThread "Unconstrained build operations Thread 33" [_thread_blocked, id=33152, stack(0x0000000a5f400000,0x0000000a5f500000)]
  0x0000014813356690 JavaThread "Unconstrained build operations Thread 34" [_thread_blocked, id=25820, stack(0x0000000a5f500000,0x0000000a5f600000)]
  0x0000014813357500 JavaThread "Unconstrained build operations Thread 35" [_thread_blocked, id=32224, stack(0x0000000a5f600000,0x0000000a5f700000)]
  0x00000148133579d0 JavaThread "Unconstrained build operations Thread 36" [_thread_blocked, id=33532, stack(0x0000000a5f700000,0x0000000a5f800000)]
  0x000001480dcb00c0 JavaThread "Unconstrained build operations Thread 37" [_thread_blocked, id=7220, stack(0x0000000a5f800000,0x0000000a5f900000)]
  0x000001480dcb0f30 JavaThread "Unconstrained build operations Thread 38" [_thread_blocked, id=32636, stack(0x0000000a5f900000,0x0000000a5fa00000)]
  0x000001480dcb1da0 JavaThread "Unconstrained build operations Thread 39" [_thread_blocked, id=33092, stack(0x0000000a5fa00000,0x0000000a5fb00000)]
  0x000001480dcafbf0 JavaThread "Unconstrained build operations Thread 40" [_thread_blocked, id=12376, stack(0x0000000a5fb00000,0x0000000a5fc00000)]
  0x000001480dcb0590 JavaThread "Unconstrained build operations Thread 41" [_thread_blocked, id=33460, stack(0x0000000a5fc00000,0x0000000a5fd00000)]
  0x000001480dcb0a60 JavaThread "Unconstrained build operations Thread 42" [_thread_blocked, id=14788, stack(0x0000000a5fd00000,0x0000000a5fe00000)]
  0x000001480dcb1400 JavaThread "Unconstrained build operations Thread 43" [_thread_blocked, id=33508, stack(0x0000000a5fe00000,0x0000000a5ff00000)]
  0x000001480dcb18d0 JavaThread "Unconstrained build operations Thread 44" [_thread_blocked, id=33444, stack(0x0000000a5ff00000,0x0000000a60000000)]
  0x000001480dcaed80 JavaThread "Unconstrained build operations Thread 45" [_thread_blocked, id=32572, stack(0x0000000a60000000,0x0000000a60100000)]
  0x000001480dcaf250 JavaThread "Unconstrained build operations Thread 46" [_thread_blocked, id=5100, stack(0x0000000a60100000,0x0000000a60200000)]
  0x000001480dcb2270 JavaThread "Unconstrained build operations Thread 47" [_thread_blocked, id=33616, stack(0x0000000a60200000,0x0000000a60300000)]
  0x000001480dcb2740 JavaThread "Unconstrained build operations Thread 48" [_thread_blocked, id=28268, stack(0x0000000a60300000,0x0000000a60400000)]
  0x000001480dcaf720 JavaThread "Unconstrained build operations Thread 49" [_thread_blocked, id=15148, stack(0x0000000a60400000,0x0000000a60500000)]
  0x000001480a742bc0 JavaThread "Unconstrained build operations Thread 50" [_thread_blocked, id=33184, stack(0x0000000a60500000,0x0000000a60600000)]
  0x000001480a7443d0 JavaThread "Unconstrained build operations Thread 51" [_thread_blocked, id=32168, stack(0x0000000a60600000,0x0000000a60700000)]
  0x000001480a743a30 JavaThread "Unconstrained build operations Thread 52" [_thread_blocked, id=22064, stack(0x0000000a60700000,0x0000000a60800000)]
  0x000001480a7460b0 JavaThread "Unconstrained build operations Thread 53" [_thread_blocked, id=2616, stack(0x0000000a60800000,0x0000000a60900000)]
  0x000001480a745be0 JavaThread "Unconstrained build operations Thread 54" [_thread_blocked, id=4044, stack(0x0000000a60900000,0x0000000a60a00000)]
  0x000001480a743f00 JavaThread "Unconstrained build operations Thread 55" [_thread_blocked, id=32476, stack(0x0000000a60a00000,0x0000000a60b00000)]
  0x000001480a743090 JavaThread "Unconstrained build operations Thread 56" [_thread_blocked, id=32856, stack(0x0000000a60b00000,0x0000000a60c00000)]
  0x000001480a7448a0 JavaThread "Unconstrained build operations Thread 57" [_thread_blocked, id=32788, stack(0x0000000a60c00000,0x0000000a60d00000)]
  0x000001480a743560 JavaThread "Unconstrained build operations Thread 58" [_thread_blocked, id=25844, stack(0x0000000a60d00000,0x0000000a60e00000)]
  0x000001480a744d70 JavaThread "Unconstrained build operations Thread 59" [_thread_blocked, id=9728, stack(0x0000000a60e00000,0x0000000a60f00000)]
  0x000001480a745710 JavaThread "Unconstrained build operations Thread 60" [_thread_blocked, id=33024, stack(0x0000000a60f00000,0x0000000a61000000)]
  0x000001480a746580 JavaThread "Unconstrained build operations Thread 61" [_thread_blocked, id=33032, stack(0x0000000a61000000,0x0000000a61100000)]
  0x000001480a745240 JavaThread "Unconstrained build operations Thread 62" [_thread_blocked, id=5872, stack(0x0000000a61100000,0x0000000a61200000)]
  0x000001480a642280 JavaThread "Unconstrained build operations Thread 63" [_thread_blocked, id=32700, stack(0x0000000a61200000,0x0000000a61300000)]
  0x000001480a641410 JavaThread "Unconstrained build operations Thread 64" [_thread_blocked, id=33164, stack(0x0000000a61300000,0x0000000a61400000)]
  0x000001480a6418e0 JavaThread "Unconstrained build operations Thread 65" [_thread_blocked, id=32948, stack(0x0000000a61400000,0x0000000a61500000)]
  0x000001480a641db0 JavaThread "Unconstrained build operations Thread 66" [_thread_blocked, id=32876, stack(0x0000000a61500000,0x0000000a61600000)]
  0x000001480a642750 JavaThread "Unconstrained build operations Thread 67" [_thread_blocked, id=32008, stack(0x0000000a61600000,0x0000000a61700000)]
  0x000001480a642c20 JavaThread "Unconstrained build operations Thread 68" [_thread_blocked, id=6228, stack(0x0000000a61700000,0x0000000a61800000)]
  0x00000148172295e0 JavaThread "Unconstrained build operations Thread 69" [_thread_blocked, id=9372, stack(0x0000000a61800000,0x0000000a61900000)]
  0x0000014817227dd0 JavaThread "Unconstrained build operations Thread 70" [_thread_blocked, id=4264, stack(0x0000000a61900000,0x0000000a61a00000)]
  0x00000148172282a0 JavaThread "Unconstrained build operations Thread 71" [_thread_blocked, id=19008, stack(0x0000000a61a00000,0x0000000a61b00000)]
  0x0000014817228770 JavaThread "Unconstrained build operations Thread 72" [_thread_blocked, id=15820, stack(0x0000000a61b00000,0x0000000a61c00000)]
  0x0000014817228c40 JavaThread "Unconstrained build operations Thread 73" [_thread_blocked, id=25340, stack(0x0000000a61c00000,0x0000000a61d00000)]
  0x0000014817229110 JavaThread "Unconstrained build operations Thread 74" [_thread_blocked, id=11604, stack(0x0000000a61d00000,0x0000000a61e00000)]
  0x000001480dedd1e0 JavaThread "Unconstrained build operations Thread 75" [_thread_blocked, id=12472, stack(0x0000000a61e00000,0x0000000a61f00000)]
  0x000001480dedc840 JavaThread "Unconstrained build operations Thread 76" [_thread_blocked, id=14348, stack(0x0000000a61f00000,0x0000000a62000000)]
  0x000001480deddb80 JavaThread "Unconstrained build operations Thread 77" [_thread_blocked, id=11416, stack(0x0000000a62000000,0x0000000a62100000)]
  0x000001480dedd6b0 JavaThread "Unconstrained build operations Thread 78" [_thread_blocked, id=6776, stack(0x0000000a62100000,0x0000000a62200000)]
  0x000001480dede050 JavaThread "Unconstrained build operations Thread 79" [_thread_blocked, id=12224, stack(0x0000000a62200000,0x0000000a62300000)]
  0x000001480dedcd10 JavaThread "Unconstrained build operations Thread 80" [_thread_blocked, id=19652, stack(0x0000000a62300000,0x0000000a62400000)]
  0x0000014815dfc010 JavaThread "Unconstrained build operations Thread 81" [_thread_blocked, id=22988, stack(0x0000000a62400000,0x0000000a62500000)]
  0x0000014815dfc4e0 JavaThread "Unconstrained build operations Thread 82" [_thread_blocked, id=11588, stack(0x0000000a62500000,0x0000000a62600000)]
  0x0000014815dfd820 JavaThread "Unconstrained build operations Thread 83" [_thread_blocked, id=32220, stack(0x0000000a62600000,0x0000000a62700000)]
  0x0000014815dfc9b0 JavaThread "Unconstrained build operations Thread 84" [_thread_blocked, id=31980, stack(0x0000000a62700000,0x0000000a62800000)]
  0x0000014815dfce80 JavaThread "Unconstrained build operations Thread 85" [_thread_blocked, id=16964, stack(0x0000000a62800000,0x0000000a62900000)]
  0x0000014815dfd350 JavaThread "Unconstrained build operations Thread 86" [_thread_blocked, id=23572, stack(0x0000000a62900000,0x0000000a62a00000)]
  0x000001480ea6a060 JavaThread "Unconstrained build operations Thread 87" [_thread_blocked, id=24660, stack(0x0000000a62a00000,0x0000000a62b00000)]
  0x000001480ea6aed0 JavaThread "Unconstrained build operations Thread 88" [_thread_blocked, id=32928, stack(0x0000000a62b00000,0x0000000a62c00000)]
  0x000001480ea6a530 JavaThread "Unconstrained build operations Thread 89" [_thread_blocked, id=33684, stack(0x0000000a62c00000,0x0000000a62d00000)]
  0x000001480ea6b3a0 JavaThread "Unconstrained build operations Thread 90" [_thread_blocked, id=956, stack(0x0000000a62d00000,0x0000000a62e00000)]
  0x000001480ea6aa00 JavaThread "Unconstrained build operations Thread 91" [_thread_blocked, id=8208, stack(0x0000000a62e00000,0x0000000a62f00000)]
  0x000001480ea6b870 JavaThread "Unconstrained build operations Thread 92" [_thread_blocked, id=5148, stack(0x0000000a62f00000,0x0000000a63000000)]
  0x000001480e86a550 JavaThread "Unconstrained build operations Thread 93" [_thread_blocked, id=20348, stack(0x0000000a63000000,0x0000000a63100000)]
  0x000001480e86b3c0 JavaThread "Unconstrained build operations Thread 94" [_thread_blocked, id=13544, stack(0x0000000a63100000,0x0000000a63200000)]
  0x000001480e86aef0 JavaThread "Unconstrained build operations Thread 95" [_thread_blocked, id=16600, stack(0x0000000a63200000,0x0000000a63300000)]
  0x000001480e86b890 JavaThread "Unconstrained build operations Thread 96" [_thread_blocked, id=20768, stack(0x0000000a63300000,0x0000000a63400000)]
  0x000001480e86aa20 JavaThread "Unconstrained build operations Thread 97" [_thread_blocked, id=10812, stack(0x0000000a63400000,0x0000000a63500000)]
  0x0000014813401fb0 JavaThread "Unconstrained build operations Thread 98" [_thread_blocked, id=18360, stack(0x0000000a63500000,0x0000000a63600000)]
  0x0000014813402950 JavaThread "Unconstrained build operations Thread 99" [_thread_blocked, id=18528, stack(0x0000000a63600000,0x0000000a63700000)]
  0x0000014813402480 JavaThread "Unconstrained build operations Thread 100" [_thread_blocked, id=33016, stack(0x0000000a63700000,0x0000000a63800000)]
  0x0000014813402e20 JavaThread "Unconstrained build operations Thread 101" [_thread_blocked, id=32580, stack(0x0000000a63800000,0x0000000a63900000)]
  0x0000014813401ae0 JavaThread "Unconstrained build operations Thread 102" [_thread_blocked, id=24412, stack(0x0000000a63900000,0x0000000a63a00000)]
  0x00000148134032f0 JavaThread "Unconstrained build operations Thread 103" [_thread_blocked, id=22204, stack(0x0000000a63a00000,0x0000000a63b00000)]
  0x000001480e86bd60 JavaThread "Unconstrained build operations Thread 104" [_thread_blocked, id=4460, stack(0x0000000a63b00000,0x0000000a63c00000)]
  0x000001480f4f38d0 JavaThread "Unconstrained build operations Thread 105" [_thread_blocked, id=21588, stack(0x0000000a63c00000,0x0000000a63d00000)]
  0x000001480f4f4270 JavaThread "Unconstrained build operations Thread 106" [_thread_blocked, id=5080, stack(0x0000000a63d00000,0x0000000a63e00000)]
  0x000001480f4f3400 JavaThread "Unconstrained build operations Thread 107" [_thread_blocked, id=4532, stack(0x0000000a63e00000,0x0000000a63f00000)]
  0x000001480a750db0 JavaThread "Unconstrained build operations Thread 108" [_thread_blocked, id=9880, stack(0x0000000a63f00000,0x0000000a64000000)]
  0x000001480a752f60 JavaThread "Unconstrained build operations Thread 109" [_thread_blocked, id=28404, stack(0x0000000a64000000,0x0000000a64100000)]
  0x000001480a753900 JavaThread "Unconstrained build operations Thread 110" [_thread_blocked, id=22992, stack(0x0000000a64100000,0x0000000a64200000)]
  0x000001480a7525c0 JavaThread "Unconstrained build operations Thread 111" [_thread_blocked, id=28060, stack(0x0000000a64200000,0x0000000a64300000)]
  0x000001480a751280 JavaThread "Unconstrained build operations Thread 112" [_thread_blocked, id=5804, stack(0x0000000a64300000,0x0000000a64400000)]
  0x000001480a74ff40 JavaThread "Unconstrained build operations Thread 113" [_thread_blocked, id=16952, stack(0x0000000a64400000,0x0000000a64500000)]
  0x000001480a750410 JavaThread "Unconstrained build operations Thread 114" [_thread_blocked, id=9824, stack(0x0000000a64500000,0x0000000a64600000)]
  0x000001480a751750 JavaThread "Unconstrained build operations Thread 115" [_thread_blocked, id=15000, stack(0x0000000a64600000,0x0000000a64700000)]
  0x000001480a751c20 JavaThread "Unconstrained build operations Thread 116" [_thread_blocked, id=32188, stack(0x0000000a64700000,0x0000000a64800000)]
  0x000001480a752a90 JavaThread "Unconstrained build operations Thread 117" [_thread_blocked, id=2412, stack(0x0000000a64800000,0x0000000a64900000)]
  0x000001480a7520f0 JavaThread "Unconstrained build operations Thread 118" [_thread_blocked, id=4384, stack(0x0000000a64900000,0x0000000a64a00000)]
  0x000001480a64c750 JavaThread "Unconstrained build operations Thread 119" [_thread_blocked, id=16988, stack(0x0000000a64a00000,0x0000000a64b00000)]
  0x000001480a64b410 JavaThread "Unconstrained build operations Thread 120" [_thread_blocked, id=25176, stack(0x0000000a64b00000,0x0000000a64c00000)]
  0x000001480f4f4740 JavaThread "build event listener" [_thread_blocked, id=33448, stack(0x0000000a64c00000,0x0000000a64d00000)]
  0x000001480f4f3da0 JavaThread "included builds" [_thread_blocked, id=12200, stack(0x0000000a64d00000,0x0000000a64e00000)]
  0x000001480dbfd400 JavaThread "Execution worker" [_thread_blocked, id=6280, stack(0x0000000a65600000,0x0000000a65700000)]
  0x000001480dbfbbf0 JavaThread "Execution worker Thread 2" [_thread_blocked, id=14812, stack(0x0000000a65700000,0x0000000a65800000)]
  0x000001480f4aa970 JavaThread "Execution worker Thread 3" [_thread_blocked, id=9128, stack(0x0000000a65800000,0x0000000a65900000)]
  0x000001480f4ab7e0 JavaThread "Execution worker Thread 4" [_thread_blocked, id=19136, stack(0x0000000a65900000,0x0000000a65a00000)]
  0x000001480f4ab310 JavaThread "Execution worker Thread 5" [_thread_blocked, id=31820, stack(0x0000000a65a00000,0x0000000a65b00000)]
  0x000001480f4a9fd0 JavaThread "Execution worker Thread 6" [_thread_blocked, id=23324, stack(0x0000000a65b00000,0x0000000a65c00000)]
  0x000001480f4aae40 JavaThread "Execution worker Thread 7" [_thread_blocked, id=14860, stack(0x0000000a65c00000,0x0000000a65d00000)]
  0x000001480f4aa4a0 JavaThread "Execution worker Thread 8" [_thread_blocked, id=12856, stack(0x0000000a65d00000,0x0000000a65e00000)]
  0x0000014805719960 JavaThread "Execution worker Thread 9" [_thread_blocked, id=31656, stack(0x0000000a65e00000,0x0000000a65f00000)]
  0x000001480571b170 JavaThread "Execution worker Thread 10" [_thread_blocked, id=23228, stack(0x0000000a65f00000,0x0000000a66000000)]
  0x000001480845e290 JavaThread "Cache worker for execution history cache (C:\Users\Aris\AndroidStudioProjects\FrontEnddistributedsystems2023\.gradle\8.0\executionHistory)" [_thread_blocked, id=4276, stack(0x0000000a66100000,0x0000000a66200000)]
  0x0000014805719e30 JavaThread "Execution worker Thread 11" [_thread_blocked, id=11824, stack(0x0000000a66200000,0x0000000a66300000)]

Other Threads:
=>0x00000148041e3a20 VMThread "VM Thread" [stack: 0x0000000a59f00000,0x0000000a5a000000] [id=6788]
  0x0000014804172af0 WatcherThread [stack: 0x0000000a5ab00000,0x0000000a5ac00000] [id=6248]
  0x0000014867ea2880 GCTaskThread "GC Thread#0" [stack: 0x0000000a59a00000,0x0000000a59b00000] [id=17060]
  0x0000014805995460 GCTaskThread "GC Thread#1" [stack: 0x0000000a5ae00000,0x0000000a5af00000] [id=19168]
  0x0000014805a55930 GCTaskThread "GC Thread#2" [stack: 0x0000000a5af00000,0x0000000a5b000000] [id=6656]
  0x0000014805ca1d80 GCTaskThread "GC Thread#3" [stack: 0x0000000a5b000000,0x0000000a5b100000] [id=22400]
  0x0000014806035560 GCTaskThread "GC Thread#4" [stack: 0x0000000a5b100000,0x0000000a5b200000] [id=17908]
  0x000001480798d5e0 GCTaskThread "GC Thread#5" [stack: 0x0000000a5ba00000,0x0000000a5bb00000] [id=7236]
  0x0000014806792060 GCTaskThread "GC Thread#6" [stack: 0x0000000a5bb00000,0x0000000a5bc00000] [id=21112]
  0x0000014806792310 GCTaskThread "GC Thread#7" [stack: 0x0000000a5bc00000,0x0000000a5bd00000] [id=5748]
  0x00000148067925c0 GCTaskThread "GC Thread#8" [stack: 0x0000000a5bd00000,0x0000000a5be00000] [id=8296]
  0x0000014807e4e060 GCTaskThread "GC Thread#9" [stack: 0x0000000a5be00000,0x0000000a5bf00000] [id=13804]
  0x0000014867eb50d0 ConcurrentGCThread "G1 Main Marker" [stack: 0x0000000a59b00000,0x0000000a59c00000] [id=10156]
  0x0000014867eb6990 ConcurrentGCThread "G1 Conc#0" [stack: 0x0000000a59c00000,0x0000000a59d00000] [id=10684]
  0x000001480740a020 ConcurrentGCThread "G1 Conc#1" [stack: 0x0000000a5bf00000,0x0000000a5c000000] [id=12640]
  0x0000014807403850 ConcurrentGCThread "G1 Conc#2" [stack: 0x0000000a5c000000,0x0000000a5c100000] [id=19544]
  0x0000014867f0df90 ConcurrentGCThread "G1 Refine#0" [stack: 0x0000000a59d00000,0x0000000a59e00000] [id=15248]
  0x00000148131292b0 ConcurrentGCThread "G1 Refine#1" [stack: 0x0000000a5b400000,0x0000000a5b500000] [id=5176]
  0x0000014808d02a80 ConcurrentGCThread "G1 Refine#2" [stack: 0x0000000a5b500000,0x0000000a5b600000] [id=9808]
  0x0000014813128fd0 ConcurrentGCThread "G1 Refine#3" [stack: 0x0000000a5b600000,0x0000000a5b700000] [id=21276]
  0x000001480ddb05b0 ConcurrentGCThread "G1 Refine#4" [stack: 0x0000000a5b800000,0x0000000a5b900000] [id=7916]
  0x0000014867f0e850 ConcurrentGCThread "G1 Service" [stack: 0x0000000a59e00000,0x0000000a59f00000] [id=21040]

Threads with active compile tasks:

VM state: at safepoint (normal execution)

VM Mutex/Monitor currently owned by a thread:  ([mutex/lock_event])
[0x0000014867e43b70] Threads_lock - owner thread: 0x00000148041e3a20
[0x0000014867e43030] Heap_lock - owner thread: 0x000001480dbfbbf0

Heap address: 0x0000000080000000, size: 2048 MB, Compressed Oops mode: 32-bit

CDS archive(s) not mapped
Compressed class space mapped at: 0x0000000100000000-0x0000000140000000, reserved size: 1073741824
Narrow klass base: 0x0000000000000000, Narrow klass shift: 3, Narrow klass range: 0x140000000

GC Precious Log:
 CPUs: 12 total, 12 available
 Memory: 8144M
 Large Page Support: Disabled
 NUMA Support: Disabled
 Compressed Oops: Enabled (32-bit)
 Heap Region Size: 1M
 Heap Min Capacity: 8M
 Heap Initial Capacity: 128M
 Heap Max Capacity: 2G
 Pre-touch: Disabled
 Parallel Workers: 10
 Concurrent Workers: 3
 Concurrent Refinement Workers: 10
 Periodic GC: Disabled

Heap:
 garbage-first heap   total 409600K, used 124103K [0x0000000080000000, 0x0000000100000000)
  region size 1024K, 8 young (8192K), 8 survivors (8192K)
 Metaspace       used 151783K, committed 153600K, reserved 1187840K
  class space    used 19991K, committed 20928K, reserved 1048576K

Heap Regions: E=young(eden), S=young(survivor), O=old, HS=humongous(starts), HC=humongous(continues), CS=collection set, F=free, OA=open archive, CA=closed archive, TAMS=top-at-mark-start (previous, next)
|   0|0x0000000080000000, 0x0000000080100000, 0x0000000080100000|100%|HS|  |TAMS 0x0000000080100000, 0x0000000080100000| Complete 
|   1|0x0000000080100000, 0x0000000080200000, 0x0000000080200000|100%|HC|  |TAMS 0x0000000080200000, 0x0000000080200000| Complete 
|   2|0x0000000080200000, 0x0000000080300000, 0x0000000080300000|100%|HC|  |TAMS 0x0000000080300000, 0x0000000080300000| Complete 
|   3|0x0000000080300000, 0x0000000080400000, 0x0000000080400000|100%|HC|  |TAMS 0x0000000080400000, 0x0000000080400000| Complete 
|   4|0x0000000080400000, 0x0000000080500000, 0x0000000080500000|100%| O|  |TAMS 0x0000000080500000, 0x0000000080500000| Untracked 
|   5|0x0000000080500000, 0x0000000080600000, 0x0000000080600000|100%| O|  |TAMS 0x0000000080600000, 0x0000000080600000| Untracked 
|   6|0x0000000080600000, 0x0000000080700000, 0x0000000080700000|100%| O|  |TAMS 0x0000000080700000, 0x0000000080700000| Untracked 
|   7|0x0000000080700000, 0x0000000080800000, 0x0000000080800000|100%| O|  |TAMS 0x0000000080800000, 0x0000000080800000| Untracked 
|   8|0x0000000080800000, 0x0000000080900000, 0x0000000080900000|100%| O|  |TAMS 0x0000000080900000, 0x0000000080900000| Untracked 
|   9|0x0000000080900000, 0x0000000080a00000, 0x0000000080a00000|100%| O|  |TAMS 0x0000000080a00000, 0x0000000080a00000| Untracked 
|  10|0x0000000080a00000, 0x0000000080b00000, 0x0000000080b00000|100%| O|  |TAMS 0x0000000080b00000, 0x0000000080b00000| Untracked 
|  11|0x0000000080b00000, 0x0000000080c00000, 0x0000000080c00000|100%| O|  |TAMS 0x0000000080c00000, 0x0000000080c00000| Untracked 
|  12|0x0000000080c00000, 0x0000000080d00000, 0x0000000080d00000|100%| O|  |TAMS 0x0000000080d00000, 0x0000000080d00000| Untracked 
|  13|0x0000000080d00000, 0x0000000080e00000, 0x0000000080e00000|100%| O|  |TAMS 0x0000000080e00000, 0x0000000080e00000| Untracked 
|  14|0x0000000080e00000, 0x0000000080f00000, 0x0000000080f00000|100%| O|  |TAMS 0x0000000080f00000, 0x0000000080f00000| Untracked 
|  15|0x0000000080f00000, 0x0000000081000000, 0x0000000081000000|100%| O|  |TAMS 0x0000000081000000, 0x0000000081000000| Untracked 
|  16|0x0000000081000000, 0x0000000081100000, 0x0000000081100000|100%| O|  |TAMS 0x0000000081100000, 0x0000000081100000| Untracked 
|  17|0x0000000081100000, 0x0000000081200000, 0x0000000081200000|100%| O|  |TAMS 0x0000000081200000, 0x0000000081200000| Untracked 
|  18|0x0000000081200000, 0x0000000081300000, 0x0000000081300000|100%| O|  |TAMS 0x0000000081300000, 0x0000000081300000| Untracked 
|  19|0x0000000081300000, 0x0000000081400000, 0x0000000081400000|100%| O|  |TAMS 0x0000000081400000, 0x0000000081400000| Untracked 
|  20|0x0000000081400000, 0x0000000081500000, 0x0000000081500000|100%| O|  |TAMS 0x0000000081500000, 0x0000000081500000| Untracked 
|  21|0x0000000081500000, 0x0000000081600000, 0x0000000081600000|100%| O|  |TAMS 0x0000000081600000, 0x0000000081600000| Untracked 
|  22|0x0000000081600000, 0x0000000081700000, 0x0000000081700000|100%| O|  |TAMS 0x0000000081700000, 0x0000000081700000| Untracked 
|  23|0x0000000081700000, 0x0000000081800000, 0x0000000081800000|100%| O|  |TAMS 0x0000000081800000, 0x0000000081800000| Untracked 
|  24|0x0000000081800000, 0x0000000081900000, 0x0000000081900000|100%| O|  |TAMS 0x0000000081900000, 0x0000000081900000| Untracked 
|  25|0x0000000081900000, 0x0000000081a00000, 0x0000000081a00000|100%| O|  |TAMS 0x0000000081a00000, 0x0000000081a00000| Untracked 
|  26|0x0000000081a00000, 0x0000000081b00000, 0x0000000081b00000|100%| O|  |TAMS 0x0000000081b00000, 0x0000000081b00000| Untracked 
|  27|0x0000000081b00000, 0x0000000081c00000, 0x0000000081c00000|100%| O|  |TAMS 0x0000000081c00000, 0x0000000081c00000| Untracked 
|  28|0x0000000081c00000, 0x0000000081d00000, 0x0000000081d00000|100%| O|  |TAMS 0x0000000081d00000, 0x0000000081d00000| Untracked 
|  29|0x0000000081d00000, 0x0000000081e00000, 0x0000000081e00000|100%| O|  |TAMS 0x0000000081e00000, 0x0000000081e00000| Untracked 
|  30|0x0000000081e00000, 0x0000000081f00000, 0x0000000081f00000|100%| O|  |TAMS 0x0000000081f00000, 0x0000000081f00000| Untracked 
|  31|0x0000000081f00000, 0x0000000082000000, 0x0000000082000000|100%| O|  |TAMS 0x0000000082000000, 0x0000000082000000| Untracked 
|  32|0x0000000082000000, 0x0000000082100000, 0x0000000082100000|100%| O|  |TAMS 0x0000000082100000, 0x0000000082100000| Untracked 
|  33|0x0000000082100000, 0x0000000082200000, 0x0000000082200000|100%|HS|  |TAMS 0x0000000082200000, 0x0000000082200000| Complete 
|  34|0x0000000082200000, 0x0000000082300000, 0x0000000082300000|100%|HS|  |TAMS 0x0000000082300000, 0x0000000082300000| Complete 
|  35|0x0000000082300000, 0x0000000082400000, 0x0000000082400000|100%| O|  |TAMS 0x0000000082400000, 0x0000000082400000| Untracked 
|  36|0x0000000082400000, 0x0000000082500000, 0x0000000082500000|100%| O|  |TAMS 0x0000000082500000, 0x0000000082500000| Untracked 
|  37|0x0000000082500000, 0x0000000082600000, 0x0000000082600000|100%| O|  |TAMS 0x0000000082600000, 0x0000000082600000| Untracked 
|  38|0x0000000082600000, 0x0000000082700000, 0x0000000082700000|100%| O|  |TAMS 0x0000000082700000, 0x0000000082700000| Untracked 
|  39|0x0000000082700000, 0x0000000082800000, 0x0000000082800000|100%| O|  |TAMS 0x0000000082800000, 0x0000000082800000| Untracked 
|  40|0x0000000082800000, 0x0000000082900000, 0x0000000082900000|100%| O|  |TAMS 0x0000000082900000, 0x0000000082900000| Untracked 
|  41|0x0000000082900000, 0x0000000082a00000, 0x0000000082a00000|100%| O|  |TAMS 0x0000000082a00000, 0x0000000082a00000| Untracked 
|  42|0x0000000082a00000, 0x0000000082b00000, 0x0000000082b00000|100%| O|  |TAMS 0x0000000082b00000, 0x0000000082b00000| Untracked 
|  43|0x0000000082b00000, 0x0000000082c00000, 0x0000000082c00000|100%| O|  |TAMS 0x0000000082c00000, 0x0000000082c00000| Untracked 
|  44|0x0000000082c00000, 0x0000000082d00000, 0x0000000082d00000|100%| O|  |TAMS 0x0000000082d00000, 0x0000000082d00000| Untracked 
|  45|0x0000000082d00000, 0x0000000082e00000, 0x0000000082e00000|100%| O|  |TAMS 0x0000000082e00000, 0x0000000082e00000| Untracked 
|  46|0x0000000082e00000, 0x0000000082f00000, 0x0000000082f00000|100%| O|  |TAMS 0x0000000082f00000, 0x0000000082f00000| Untracked 
|  47|0x0000000082f00000, 0x0000000083000000, 0x0000000083000000|100%| O|  |TAMS 0x0000000083000000, 0x0000000083000000| Untracked 
|  48|0x0000000083000000, 0x0000000083100000, 0x0000000083100000|100%| O|  |TAMS 0x0000000083100000, 0x0000000083100000| Untracked 
|  49|0x0000000083100000, 0x0000000083200000, 0x0000000083200000|100%| O|  |TAMS 0x0000000083200000, 0x0000000083200000| Untracked 
|  50|0x0000000083200000, 0x0000000083300000, 0x0000000083300000|100%| O|  |TAMS 0x0000000083300000, 0x0000000083300000| Untracked 
|  51|0x0000000083300000, 0x0000000083400000, 0x0000000083400000|100%| O|  |TAMS 0x0000000083400000, 0x0000000083400000| Untracked 
|  52|0x0000000083400000, 0x0000000083500000, 0x0000000083500000|100%| O|  |TAMS 0x0000000083500000, 0x0000000083500000| Untracked 
|  53|0x0000000083500000, 0x0000000083600000, 0x0000000083600000|100%| O|  |TAMS 0x0000000083600000, 0x0000000083600000| Untracked 
|  54|0x0000000083600000, 0x0000000083700000, 0x0000000083700000|100%| O|  |TAMS 0x0000000083700000, 0x0000000083700000| Untracked 
|  55|0x0000000083700000, 0x0000000083800000, 0x0000000083800000|100%| O|  |TAMS 0x0000000083800000, 0x0000000083800000| Untracked 
|  56|0x0000000083800000, 0x0000000083900000, 0x0000000083900000|100%| O|  |TAMS 0x0000000083900000, 0x0000000083900000| Untracked 
|  57|0x0000000083900000, 0x0000000083a00000, 0x0000000083a00000|100%| O|  |TAMS 0x0000000083900000, 0x0000000083a00000| Untracked 
|  58|0x0000000083a00000, 0x0000000083b00000, 0x0000000083b00000|100%| O|  |TAMS 0x0000000083b00000, 0x0000000083b00000| Untracked 
|  59|0x0000000083b00000, 0x0000000083c00000, 0x0000000083c00000|100%| O|  |TAMS 0x0000000083c00000, 0x0000000083c00000| Untracked 
|  60|0x0000000083c00000, 0x0000000083d00000, 0x0000000083d00000|100%| O|  |TAMS 0x0000000083d00000, 0x0000000083d00000| Untracked 
|  61|0x0000000083d00000, 0x0000000083e00000, 0x0000000083e00000|100%| O|  |TAMS 0x0000000083e00000, 0x0000000083e00000| Untracked 
|  62|0x0000000083e00000, 0x0000000083f00000, 0x0000000083f00000|100%| O|  |TAMS 0x0000000083f00000, 0x0000000083f00000| Untracked 
|  63|0x0000000083f00000, 0x0000000084000000, 0x0000000084000000|100%| O|  |TAMS 0x0000000083f00000, 0x0000000084000000| Untracked 
|  64|0x0000000084000000, 0x0000000084100000, 0x0000000084100000|100%| O|  |TAMS 0x0000000084100000, 0x0000000084100000| Untracked 
|  65|0x0000000084100000, 0x0000000084200000, 0x0000000084200000|100%| O|  |TAMS 0x0000000084100000, 0x0000000084200000| Untracked 
|  66|0x0000000084200000, 0x0000000084300000, 0x0000000084300000|100%| O|  |TAMS 0x0000000084300000, 0x0000000084300000| Untracked 
|  67|0x0000000084300000, 0x0000000084400000, 0x0000000084400000|100%| O|  |TAMS 0x0000000084400000, 0x0000000084400000| Untracked 
|  68|0x0000000084400000, 0x0000000084500000, 0x0000000084500000|100%| O|  |TAMS 0x0000000084500000, 0x0000000084500000| Untracked 
|  69|0x0000000084500000, 0x0000000084600000, 0x0000000084600000|100%| O|  |TAMS 0x0000000084600000, 0x0000000084600000| Untracked 
|  70|0x0000000084600000, 0x0000000084700000, 0x0000000084700000|100%| O|  |TAMS 0x0000000084600000, 0x0000000084700000| Untracked 
|  71|0x0000000084700000, 0x0000000084800000, 0x0000000084800000|100%| O|  |TAMS 0x0000000084700000, 0x0000000084800000| Untracked 
|  72|0x0000000084800000, 0x0000000084900000, 0x0000000084900000|100%| O|  |TAMS 0x0000000084900000, 0x0000000084900000| Untracked 
|  73|0x0000000084900000, 0x0000000084a00000, 0x0000000084a00000|100%| O|  |TAMS 0x0000000084a00000, 0x0000000084a00000| Untracked 
|  74|0x0000000084a00000, 0x0000000084b00000, 0x0000000084b00000|100%| O|  |TAMS 0x0000000084b00000, 0x0000000084b00000| Untracked 
|  75|0x0000000084b00000, 0x0000000084c00000, 0x0000000084c00000|100%| O|  |TAMS 0x0000000084c00000, 0x0000000084c00000| Untracked 
|  76|0x0000000084c00000, 0x0000000084d00000, 0x0000000084d00000|100%| O|  |TAMS 0x0000000084d00000, 0x0000000084d00000| Untracked 
|  77|0x0000000084d00000, 0x0000000084e00000, 0x0000000084e00000|100%| O|  |TAMS 0x0000000084e00000, 0x0000000084e00000| Untracked 
|  78|0x0000000084e00000, 0x0000000084f00000, 0x0000000084f00000|100%| O|  |TAMS 0x0000000084f00000, 0x0000000084f00000| Untracked 
|  79|0x0000000084f00000, 0x0000000085000000, 0x0000000085000000|100%| O|  |TAMS 0x0000000085000000, 0x0000000085000000| Untracked 
|  80|0x0000000085000000, 0x0000000085100000, 0x0000000085100000|100%| O|  |TAMS 0x0000000085100000, 0x0000000085100000| Untracked 
|  81|0x0000000085100000, 0x0000000085200000, 0x0000000085200000|100%| O|  |TAMS 0x0000000085200000, 0x0000000085200000| Untracked 
|  82|0x0000000085200000, 0x0000000085300000, 0x0000000085300000|100%| O|  |TAMS 0x0000000085200000, 0x0000000085300000| Untracked 
|  83|0x0000000085300000, 0x0000000085400000, 0x0000000085400000|100%| O|  |TAMS 0x0000000085400000, 0x0000000085400000| Untracked 
|  84|0x0000000085400000, 0x0000000085500000, 0x0000000085500000|100%| O|  |TAMS 0x0000000085500000, 0x0000000085500000| Untracked 
|  85|0x0000000085500000, 0x0000000085600000, 0x0000000085600000|100%| O|  |TAMS 0x0000000085600000, 0x0000000085600000| Untracked 
|  86|0x0000000085600000, 0x0000000085700000, 0x0000000085700000|100%| O|  |TAMS 0x0000000085700000, 0x0000000085700000| Untracked 
|  87|0x0000000085700000, 0x0000000085800000, 0x0000000085800000|100%| O|  |TAMS 0x0000000085800000, 0x0000000085800000| Untracked 
|  88|0x0000000085800000, 0x0000000085816000, 0x0000000085900000|  8%| O|  |TAMS 0x0000000085800000, 0x0000000085816000| Untracked 
|  89|0x0000000085900000, 0x0000000085a00000, 0x0000000085a00000|100%| O|  |TAMS 0x0000000085a00000, 0x0000000085a00000| Untracked 
|  90|0x0000000085a00000, 0x0000000085a00000, 0x0000000085b00000|  0%| F|  |TAMS 0x0000000085a00000, 0x0000000085a00000| Untracked 
|  91|0x0000000085b00000, 0x0000000085c00000, 0x0000000085c00000|100%| O|  |TAMS 0x0000000085c00000, 0x0000000085c00000| Untracked 
|  92|0x0000000085c00000, 0x0000000085c00000, 0x0000000085d00000|  0%| F|  |TAMS 0x0000000085c00000, 0x0000000085c00000| Untracked 
|  93|0x0000000085d00000, 0x0000000085e00000, 0x0000000085e00000|100%| O|  |TAMS 0x0000000085e00000, 0x0000000085e00000| Untracked 
|  94|0x0000000085e00000, 0x0000000085e00000, 0x0000000085f00000|  0%| F|  |TAMS 0x0000000085e00000, 0x0000000085e00000| Untracked 
|  95|0x0000000085f00000, 0x0000000085f00000, 0x0000000086000000|  0%| F|  |TAMS 0x0000000085f00000, 0x0000000085f00000| Untracked 
|  96|0x0000000086000000, 0x0000000086100000, 0x0000000086100000|100%| O|  |TAMS 0x0000000086100000, 0x0000000086100000| Untracked 
|  97|0x0000000086100000, 0x0000000086200000, 0x0000000086200000|100%| O|  |TAMS 0x0000000086200000, 0x0000000086200000| Untracked 
|  98|0x0000000086200000, 0x0000000086300000, 0x0000000086300000|100%| O|  |TAMS 0x0000000086300000, 0x0000000086300000| Untracked 
|  99|0x0000000086300000, 0x0000000086400000, 0x0000000086400000|100%| O|  |TAMS 0x0000000086400000, 0x0000000086400000| Untracked 
| 100|0x0000000086400000, 0x0000000086500000, 0x0000000086500000|100%| O|  |TAMS 0x0000000086500000, 0x0000000086500000| Untracked 
| 101|0x0000000086500000, 0x0000000086600000, 0x0000000086600000|100%| O|  |TAMS 0x0000000086600000, 0x0000000086600000| Untracked 
| 102|0x0000000086600000, 0x0000000086700000, 0x0000000086700000|100%| O|  |TAMS 0x0000000086700000, 0x0000000086700000| Untracked 
| 103|0x0000000086700000, 0x0000000086700000, 0x0000000086800000|  0%| F|  |TAMS 0x0000000086700000, 0x0000000086700000| Untracked 
| 104|0x0000000086800000, 0x0000000086900000, 0x0000000086900000|100%| O|  |TAMS 0x0000000086900000, 0x0000000086900000| Untracked 
| 105|0x0000000086900000, 0x0000000086a00000, 0x0000000086a00000|100%| O|  |TAMS 0x0000000086a00000, 0x0000000086a00000| Untracked 
| 106|0x0000000086a00000, 0x0000000086b00000, 0x0000000086b00000|100%| O|  |TAMS 0x0000000086b00000, 0x0000000086b00000| Untracked 
| 107|0x0000000086b00000, 0x0000000086b00000, 0x0000000086c00000|  0%| F|  |TAMS 0x0000000086b00000, 0x0000000086b00000| Untracked 
| 108|0x0000000086c00000, 0x0000000086d00000, 0x0000000086d00000|100%| O|  |TAMS 0x0000000086d00000, 0x0000000086d00000| Untracked 
| 109|0x0000000086d00000, 0x0000000086e00000, 0x0000000086e00000|100%| O|  |TAMS 0x0000000086e00000, 0x0000000086e00000| Untracked 
| 110|0x0000000086e00000, 0x0000000086f00000, 0x0000000086f00000|100%| O|  |TAMS 0x0000000086f00000, 0x0000000086f00000| Untracked 
| 111|0x0000000086f00000, 0x0000000086f00000, 0x0000000087000000|  0%| F|  |TAMS 0x0000000086f00000, 0x0000000086f00000| Untracked 
| 112|0x0000000087000000, 0x0000000087100000, 0x0000000087100000|100%| O|  |TAMS 0x0000000087100000, 0x0000000087100000| Untracked 
| 113|0x0000000087100000, 0x0000000087200000, 0x0000000087200000|100%| O|  |TAMS 0x0000000087200000, 0x0000000087200000| Untracked 
| 114|0x0000000087200000, 0x0000000087300000, 0x0000000087300000|100%| O|  |TAMS 0x0000000087300000, 0x0000000087300000| Untracked 
| 115|0x0000000087300000, 0x0000000087300000, 0x0000000087400000|  0%| F|  |TAMS 0x0000000087300000, 0x0000000087300000| Untracked 
| 116|0x0000000087400000, 0x0000000087400000, 0x0000000087500000|  0%| F|  |TAMS 0x0000000087400000, 0x0000000087400000| Untracked 
| 117|0x0000000087500000, 0x0000000087600000, 0x0000000087600000|100%| O|  |TAMS 0x0000000087600000, 0x0000000087600000| Untracked 
| 118|0x0000000087600000, 0x0000000087600000, 0x0000000087700000|  0%| F|  |TAMS 0x0000000087600000, 0x0000000087600000| Untracked 
| 119|0x0000000087700000, 0x0000000087800000, 0x0000000087800000|100%| O|  |TAMS 0x000000008776e200, 0x0000000087800000| Untracked 
| 120|0x0000000087800000, 0x0000000087800000, 0x0000000087900000|  0%| F|  |TAMS 0x0000000087800000, 0x0000000087800000| Untracked 
| 121|0x0000000087900000, 0x0000000087a00000, 0x0000000087a00000|100%| O|  |TAMS 0x0000000087a00000, 0x0000000087a00000| Untracked 
| 122|0x0000000087a00000, 0x0000000087a00000, 0x0000000087b00000|  0%| F|  |TAMS 0x0000000087a00000, 0x0000000087a00000| Untracked 
| 123|0x0000000087b00000, 0x0000000087b00000, 0x0000000087c00000|  0%| F|  |TAMS 0x0000000087b00000, 0x0000000087b00000| Untracked 
| 124|0x0000000087c00000, 0x0000000087c00000, 0x0000000087d00000|  0%| F|  |TAMS 0x0000000087c00000, 0x0000000087c00000| Untracked 
| 125|0x0000000087d00000, 0x0000000087d00000, 0x0000000087e00000|  0%| F|  |TAMS 0x0000000087d00000, 0x0000000087d00000| Untracked 
| 126|0x0000000087e00000, 0x0000000087e00000, 0x0000000087f00000|  0%| F|  |TAMS 0x0000000087e00000, 0x0000000087e00000| Untracked 
| 127|0x0000000087f00000, 0x0000000087f00000, 0x0000000088000000|  0%| F|  |TAMS 0x0000000087f00000, 0x0000000087f00000| Untracked 
| 128|0x0000000088000000, 0x0000000088000000, 0x0000000088100000|  0%| F|  |TAMS 0x0000000088000000, 0x0000000088000000| Untracked 
| 129|0x0000000088100000, 0x0000000088100000, 0x0000000088200000|  0%| F|  |TAMS 0x0000000088100000, 0x0000000088100000| Untracked 
| 130|0x0000000088200000, 0x0000000088200000, 0x0000000088300000|  0%| F|  |TAMS 0x0000000088200000, 0x0000000088200000| Untracked 
| 131|0x0000000088300000, 0x0000000088300000, 0x0000000088400000|  0%| F|  |TAMS 0x0000000088300000, 0x0000000088300000| Untracked 
| 132|0x0000000088400000, 0x0000000088400000, 0x0000000088500000|  0%| F|  |TAMS 0x0000000088400000, 0x0000000088400000| Untracked 
| 133|0x0000000088500000, 0x0000000088500000, 0x0000000088600000|  0%| F|  |TAMS 0x0000000088500000, 0x0000000088500000| Untracked 
| 134|0x0000000088600000, 0x0000000088600000, 0x0000000088700000|  0%| F|  |TAMS 0x0000000088600000, 0x0000000088600000| Untracked 
| 135|0x0000000088700000, 0x0000000088700000, 0x0000000088800000|  0%| F|  |TAMS 0x0000000088700000, 0x0000000088700000| Untracked 
| 136|0x0000000088800000, 0x0000000088800000, 0x0000000088900000|  0%| F|  |TAMS 0x0000000088800000, 0x0000000088800000| Untracked 
| 137|0x0000000088900000, 0x0000000088a00000, 0x0000000088a00000|100%| O|  |TAMS 0x0000000088a00000, 0x0000000088a00000| Untracked 
| 138|0x0000000088a00000, 0x0000000088a00000, 0x0000000088b00000|  0%| F|  |TAMS 0x0000000088a00000, 0x0000000088a00000| Untracked 
| 139|0x0000000088b00000, 0x0000000088c00000, 0x0000000088c00000|100%| O|  |TAMS 0x0000000088c00000, 0x0000000088c00000| Untracked 
| 140|0x0000000088c00000, 0x0000000088c00000, 0x0000000088d00000|  0%| F|  |TAMS 0x0000000088c00000, 0x0000000088c00000| Untracked 
| 141|0x0000000088d00000, 0x0000000088d00000, 0x0000000088e00000|  0%| F|  |TAMS 0x0000000088d00000, 0x0000000088d00000| Untracked 
| 142|0x0000000088e00000, 0x0000000088e00000, 0x0000000088f00000|  0%| F|  |TAMS 0x0000000088e00000, 0x0000000088e00000| Untracked 
| 143|0x0000000088f00000, 0x0000000088f00000, 0x0000000089000000|  0%| F|  |TAMS 0x0000000088f00000, 0x0000000088f00000| Untracked 
| 144|0x0000000089000000, 0x0000000089000000, 0x0000000089100000|  0%| F|  |TAMS 0x0000000089000000, 0x0000000089000000| Untracked 
| 145|0x0000000089100000, 0x0000000089100000, 0x0000000089200000|  0%| F|  |TAMS 0x0000000089100000, 0x0000000089100000| Untracked 
| 146|0x0000000089200000, 0x0000000089300000, 0x0000000089300000|100%|HS|  |TAMS 0x0000000089300000, 0x0000000089300000| Complete 
| 147|0x0000000089300000, 0x0000000089400000, 0x0000000089400000|100%|HC|  |TAMS 0x0000000089400000, 0x0000000089400000| Complete 
| 148|0x0000000089400000, 0x0000000089400000, 0x0000000089500000|  0%| F|  |TAMS 0x0000000089400000, 0x0000000089400000| Untracked 
| 149|0x0000000089500000, 0x0000000089500000, 0x0000000089600000|  0%| F|  |TAMS 0x0000000089500000, 0x0000000089500000| Untracked 
| 150|0x0000000089600000, 0x0000000089600000, 0x0000000089700000|  0%| F|  |TAMS 0x0000000089600000, 0x0000000089600000| Untracked 
| 151|0x0000000089700000, 0x0000000089700000, 0x0000000089800000|  0%| F|  |TAMS 0x0000000089700000, 0x0000000089700000| Untracked 
| 152|0x0000000089800000, 0x0000000089800000, 0x0000000089900000|  0%| F|  |TAMS 0x0000000089800000, 0x0000000089800000| Untracked 
| 153|0x0000000089900000, 0x0000000089900000, 0x0000000089a00000|  0%| F|  |TAMS 0x0000000089900000, 0x0000000089900000| Untracked 
| 154|0x0000000089a00000, 0x0000000089a00000, 0x0000000089b00000|  0%| F|  |TAMS 0x0000000089a00000, 0x0000000089a00000| Untracked 
| 155|0x0000000089b00000, 0x0000000089b00000, 0x0000000089c00000|  0%| F|  |TAMS 0x0000000089b00000, 0x0000000089b00000| Untracked 
| 156|0x0000000089c00000, 0x0000000089c00000, 0x0000000089d00000|  0%| F|  |TAMS 0x0000000089c00000, 0x0000000089c00000| Untracked 
| 157|0x0000000089d00000, 0x0000000089d00000, 0x0000000089e00000|  0%| F|  |TAMS 0x0000000089d00000, 0x0000000089d00000| Untracked 
| 158|0x0000000089e00000, 0x0000000089e00000, 0x0000000089f00000|  0%| F|  |TAMS 0x0000000089e00000, 0x0000000089e00000| Untracked 
| 159|0x0000000089f00000, 0x0000000089f00000, 0x000000008a000000|  0%| F|  |TAMS 0x0000000089f00000, 0x0000000089f00000| Untracked 
| 160|0x000000008a000000, 0x000000008a000000, 0x000000008a100000|  0%| F|  |TAMS 0x000000008a000000, 0x000000008a000000| Untracked 
| 161|0x000000008a100000, 0x000000008a100000, 0x000000008a200000|  0%| F|  |TAMS 0x000000008a100000, 0x000000008a100000| Untracked 
| 162|0x000000008a200000, 0x000000008a200000, 0x000000008a300000|  0%| F|  |TAMS 0x000000008a200000, 0x000000008a200000| Untracked 
| 163|0x000000008a300000, 0x000000008a300000, 0x000000008a400000|  0%| F|  |TAMS 0x000000008a300000, 0x000000008a300000| Untracked 
| 164|0x000000008a400000, 0x000000008a400000, 0x000000008a500000|  0%| F|  |TAMS 0x000000008a400000, 0x000000008a400000| Untracked 
| 165|0x000000008a500000, 0x000000008a500000, 0x000000008a600000|  0%| F|  |TAMS 0x000000008a500000, 0x000000008a500000| Untracked 
| 166|0x000000008a600000, 0x000000008a600000, 0x000000008a700000|  0%| F|  |TAMS 0x000000008a600000, 0x000000008a600000| Untracked 
| 167|0x000000008a700000, 0x000000008a700000, 0x000000008a800000|  0%| F|  |TAMS 0x000000008a700000, 0x000000008a700000| Untracked 
| 168|0x000000008a800000, 0x000000008a800000, 0x000000008a900000|  0%| F|  |TAMS 0x000000008a800000, 0x000000008a800000| Untracked 
| 169|0x000000008a900000, 0x000000008a900000, 0x000000008aa00000|  0%| F|  |TAMS 0x000000008a900000, 0x000000008a900000| Untracked 
| 170|0x000000008aa00000, 0x000000008aa00000, 0x000000008ab00000|  0%| F|  |TAMS 0x000000008aa00000, 0x000000008aa00000| Untracked 
| 171|0x000000008ab00000, 0x000000008ab00000, 0x000000008ac00000|  0%| F|  |TAMS 0x000000008ab00000, 0x000000008ab00000| Untracked 
| 172|0x000000008ac00000, 0x000000008ac00000, 0x000000008ad00000|  0%| F|  |TAMS 0x000000008ac00000, 0x000000008ac00000| Untracked 
| 173|0x000000008ad00000, 0x000000008ad00000, 0x000000008ae00000|  0%| F|  |TAMS 0x000000008ad00000, 0x000000008ad00000| Untracked 
| 174|0x000000008ae00000, 0x000000008ae00000, 0x000000008af00000|  0%| F|  |TAMS 0x000000008ae00000, 0x000000008ae00000| Untracked 
| 175|0x000000008af00000, 0x000000008af00000, 0x000000008b000000|  0%| F|  |TAMS 0x000000008af00000, 0x000000008af00000| Untracked 
| 176|0x000000008b000000, 0x000000008b000000, 0x000000008b100000|  0%| F|  |TAMS 0x000000008b000000, 0x000000008b000000| Untracked 
| 177|0x000000008b100000, 0x000000008b100000, 0x000000008b200000|  0%| F|  |TAMS 0x000000008b100000, 0x000000008b100000| Untracked 
| 178|0x000000008b200000, 0x000000008b200000, 0x000000008b300000|  0%| F|  |TAMS 0x000000008b200000, 0x000000008b200000| Untracked 
| 179|0x000000008b300000, 0x000000008b300000, 0x000000008b400000|  0%| F|  |TAMS 0x000000008b300000, 0x000000008b300000| Untracked 
| 180|0x000000008b400000, 0x000000008b400000, 0x000000008b500000|  0%| F|  |TAMS 0x000000008b400000, 0x000000008b400000| Untracked 
| 181|0x000000008b500000, 0x000000008b500000, 0x000000008b600000|  0%| F|  |TAMS 0x000000008b500000, 0x000000008b500000| Untracked 
| 182|0x000000008b600000, 0x000000008b600000, 0x000000008b700000|  0%| F|  |TAMS 0x000000008b600000, 0x000000008b600000| Untracked 
| 183|0x000000008b700000, 0x000000008b700000, 0x000000008b800000|  0%| F|  |TAMS 0x000000008b700000, 0x000000008b700000| Untracked 
| 184|0x000000008b800000, 0x000000008b800000, 0x000000008b900000|  0%| F|  |TAMS 0x000000008b800000, 0x000000008b800000| Untracked 
| 185|0x000000008b900000, 0x000000008b900000, 0x000000008ba00000|  0%| F|  |TAMS 0x000000008b900000, 0x000000008b900000| Untracked 
| 186|0x000000008ba00000, 0x000000008ba00000, 0x000000008bb00000|  0%| F|  |TAMS 0x000000008ba00000, 0x000000008ba00000| Untracked 
| 187|0x000000008bb00000, 0x000000008bb00000, 0x000000008bc00000|  0%| F|  |TAMS 0x000000008bb00000, 0x000000008bb00000| Untracked 
| 188|0x000000008bc00000, 0x000000008bc00000, 0x000000008bd00000|  0%| F|  |TAMS 0x000000008bc00000, 0x000000008bc00000| Untracked 
| 189|0x000000008bd00000, 0x000000008bd00000, 0x000000008be00000|  0%| F|  |TAMS 0x000000008bd00000, 0x000000008bd00000| Untracked 
| 190|0x000000008be00000, 0x000000008be00000, 0x000000008bf00000|  0%| F|  |TAMS 0x000000008be00000, 0x000000008be00000| Untracked 
| 191|0x000000008bf00000, 0x000000008bf00000, 0x000000008c000000|  0%| F|  |TAMS 0x000000008bf00000, 0x000000008bf00000| Untracked 
| 192|0x000000008c000000, 0x000000008c000000, 0x000000008c100000|  0%| F|  |TAMS 0x000000008c000000, 0x000000008c000000| Untracked 
| 193|0x000000008c100000, 0x000000008c100000, 0x000000008c200000|  0%| F|  |TAMS 0x000000008c100000, 0x000000008c100000| Untracked 
| 194|0x000000008c200000, 0x000000008c200000, 0x000000008c300000|  0%| F|  |TAMS 0x000000008c200000, 0x000000008c200000| Untracked 
| 195|0x000000008c300000, 0x000000008c300000, 0x000000008c400000|  0%| F|  |TAMS 0x000000008c300000, 0x000000008c300000| Untracked 
| 196|0x000000008c400000, 0x000000008c400000, 0x000000008c500000|  0%| F|  |TAMS 0x000000008c400000, 0x000000008c400000| Untracked 
| 197|0x000000008c500000, 0x000000008c500000, 0x000000008c600000|  0%| F|  |TAMS 0x000000008c500000, 0x000000008c500000| Untracked 
| 198|0x000000008c600000, 0x000000008c600000, 0x000000008c700000|  0%| F|  |TAMS 0x000000008c600000, 0x000000008c600000| Untracked 
| 199|0x000000008c700000, 0x000000008c700000, 0x000000008c800000|  0%| F|  |TAMS 0x000000008c700000, 0x000000008c700000| Untracked 
| 200|0x000000008c800000, 0x000000008c800000, 0x000000008c900000|  0%| F|  |TAMS 0x000000008c800000, 0x000000008c800000| Untracked 
| 201|0x000000008c900000, 0x000000008c900000, 0x000000008ca00000|  0%| F|  |TAMS 0x000000008c900000, 0x000000008c900000| Untracked 
| 202|0x000000008ca00000, 0x000000008ca00000, 0x000000008cb00000|  0%| F|  |TAMS 0x000000008ca00000, 0x000000008ca00000| Untracked 
| 203|0x000000008cb00000, 0x000000008cb00000, 0x000000008cc00000|  0%| F|  |TAMS 0x000000008cb00000, 0x000000008cb00000| Untracked 
| 204|0x000000008cc00000, 0x000000008cc00000, 0x000000008cd00000|  0%| F|  |TAMS 0x000000008cc00000, 0x000000008cc00000| Untracked 
| 205|0x000000008cd00000, 0x000000008cd00000, 0x000000008ce00000|  0%| F|  |TAMS 0x000000008cd00000, 0x000000008cd00000| Untracked 
| 206|0x000000008ce00000, 0x000000008ce00000, 0x000000008cf00000|  0%| F|  |TAMS 0x000000008ce00000, 0x000000008ce00000| Untracked 
| 207|0x000000008cf00000, 0x000000008cf00000, 0x000000008d000000|  0%| F|  |TAMS 0x000000008cf00000, 0x000000008cf00000| Untracked 
| 208|0x000000008d000000, 0x000000008d000000, 0x000000008d100000|  0%| F|  |TAMS 0x000000008d000000, 0x000000008d000000| Untracked 
| 209|0x000000008d100000, 0x000000008d100000, 0x000000008d200000|  0%| F|  |TAMS 0x000000008d100000, 0x000000008d100000| Untracked 
| 210|0x000000008d200000, 0x000000008d200000, 0x000000008d300000|  0%| F|  |TAMS 0x000000008d200000, 0x000000008d200000| Untracked 
| 211|0x000000008d300000, 0x000000008d300000, 0x000000008d400000|  0%| F|  |TAMS 0x000000008d300000, 0x000000008d300000| Untracked 
| 212|0x000000008d400000, 0x000000008d400000, 0x000000008d500000|  0%| F|  |TAMS 0x000000008d400000, 0x000000008d400000| Untracked 
| 213|0x000000008d500000, 0x000000008d500000, 0x000000008d600000|  0%| F|  |TAMS 0x000000008d500000, 0x000000008d500000| Untracked 
| 214|0x000000008d600000, 0x000000008d600000, 0x000000008d700000|  0%| F|  |TAMS 0x000000008d600000, 0x000000008d600000| Untracked 
| 215|0x000000008d700000, 0x000000008d700000, 0x000000008d800000|  0%| F|  |TAMS 0x000000008d700000, 0x000000008d700000| Untracked 
| 216|0x000000008d800000, 0x000000008d800000, 0x000000008d900000|  0%| F|  |TAMS 0x000000008d800000, 0x000000008d800000| Untracked 
| 217|0x000000008d900000, 0x000000008d900000, 0x000000008da00000|  0%| F|  |TAMS 0x000000008d900000, 0x000000008d900000| Untracked 
| 218|0x000000008da00000, 0x000000008da00000, 0x000000008db00000|  0%| F|  |TAMS 0x000000008da00000, 0x000000008da00000| Untracked 
| 219|0x000000008db00000, 0x000000008db00000, 0x000000008dc00000|  0%| F|  |TAMS 0x000000008db00000, 0x000000008db00000| Untracked 
| 220|0x000000008dc00000, 0x000000008dc00000, 0x000000008dd00000|  0%| F|  |TAMS 0x000000008dc00000, 0x000000008dc00000| Untracked 
| 221|0x000000008dd00000, 0x000000008dd00000, 0x000000008de00000|  0%| F|  |TAMS 0x000000008dd00000, 0x000000008dd00000| Untracked 
| 222|0x000000008de00000, 0x000000008de00000, 0x000000008df00000|  0%| F|  |TAMS 0x000000008de00000, 0x000000008de00000| Untracked 
| 223|0x000000008df00000, 0x000000008df00000, 0x000000008e000000|  0%| F|  |TAMS 0x000000008df00000, 0x000000008df00000| Untracked 
| 224|0x000000008e000000, 0x000000008e000000, 0x000000008e100000|  0%| F|  |TAMS 0x000000008e000000, 0x000000008e000000| Untracked 
| 225|0x000000008e100000, 0x000000008e100000, 0x000000008e200000|  0%| F|  |TAMS 0x000000008e100000, 0x000000008e100000| Untracked 
| 226|0x000000008e200000, 0x000000008e200000, 0x000000008e300000|  0%| F|  |TAMS 0x000000008e200000, 0x000000008e200000| Untracked 
| 227|0x000000008e300000, 0x000000008e300000, 0x000000008e400000|  0%| F|  |TAMS 0x000000008e300000, 0x000000008e300000| Untracked 
| 228|0x000000008e400000, 0x000000008e400000, 0x000000008e500000|  0%| F|  |TAMS 0x000000008e400000, 0x000000008e400000| Untracked 
| 229|0x000000008e500000, 0x000000008e500000, 0x000000008e600000|  0%| F|  |TAMS 0x000000008e500000, 0x000000008e500000| Untracked 
| 230|0x000000008e600000, 0x000000008e600000, 0x000000008e700000|  0%| F|  |TAMS 0x000000008e600000, 0x000000008e600000| Untracked 
| 231|0x000000008e700000, 0x000000008e700000, 0x000000008e800000|  0%| F|  |TAMS 0x000000008e700000, 0x000000008e700000| Untracked 
| 232|0x000000008e800000, 0x000000008e800000, 0x000000008e900000|  0%| F|  |TAMS 0x000000008e800000, 0x000000008e800000| Untracked 
| 233|0x000000008e900000, 0x000000008e900000, 0x000000008ea00000|  0%| F|  |TAMS 0x000000008e900000, 0x000000008e900000| Untracked 
| 234|0x000000008ea00000, 0x000000008ea00000, 0x000000008eb00000|  0%| F|  |TAMS 0x000000008ea00000, 0x000000008ea00000| Untracked 
| 235|0x000000008eb00000, 0x000000008eb00000, 0x000000008ec00000|  0%| F|  |TAMS 0x000000008eb00000, 0x000000008eb00000| Untracked 
| 236|0x000000008ec00000, 0x000000008ec00000, 0x000000008ed00000|  0%| F|  |TAMS 0x000000008ec00000, 0x000000008ec00000| Untracked 
| 237|0x000000008ed00000, 0x000000008ed00000, 0x000000008ee00000|  0%| F|  |TAMS 0x000000008ed00000, 0x000000008ed00000| Untracked 
| 238|0x000000008ee00000, 0x000000008ee00000, 0x000000008ef00000|  0%| F|  |TAMS 0x000000008ee00000, 0x000000008ee00000| Untracked 
| 239|0x000000008ef00000, 0x000000008ef00000, 0x000000008f000000|  0%| F|  |TAMS 0x000000008ef00000, 0x000000008ef00000| Untracked 
| 240|0x000000008f000000, 0x000000008f000000, 0x000000008f100000|  0%| F|  |TAMS 0x000000008f000000, 0x000000008f000000| Untracked 
| 241|0x000000008f100000, 0x000000008f100000, 0x000000008f200000|  0%| F|  |TAMS 0x000000008f100000, 0x000000008f100000| Untracked 
| 242|0x000000008f200000, 0x000000008f200000, 0x000000008f300000|  0%| F|  |TAMS 0x000000008f200000, 0x000000008f200000| Untracked 
| 243|0x000000008f300000, 0x000000008f300000, 0x000000008f400000|  0%| F|  |TAMS 0x000000008f300000, 0x000000008f300000| Untracked 
| 244|0x000000008f400000, 0x000000008f400000, 0x000000008f500000|  0%| F|  |TAMS 0x000000008f400000, 0x000000008f400000| Untracked 
| 245|0x000000008f500000, 0x000000008f500000, 0x000000008f600000|  0%| F|  |TAMS 0x000000008f500000, 0x000000008f500000| Untracked 
| 246|0x000000008f600000, 0x000000008f600000, 0x000000008f700000|  0%| F|  |TAMS 0x000000008f600000, 0x000000008f600000| Untracked 
| 247|0x000000008f700000, 0x000000008f700000, 0x000000008f800000|  0%| F|  |TAMS 0x000000008f700000, 0x000000008f700000| Untracked 
| 248|0x000000008f800000, 0x000000008f800000, 0x000000008f900000|  0%| F|  |TAMS 0x000000008f800000, 0x000000008f800000| Untracked 
| 249|0x000000008f900000, 0x000000008f900000, 0x000000008fa00000|  0%| F|  |TAMS 0x000000008f900000, 0x000000008f900000| Untracked 
| 250|0x000000008fa00000, 0x000000008fa00000, 0x000000008fb00000|  0%| F|  |TAMS 0x000000008fa00000, 0x000000008fa00000| Untracked 
| 251|0x000000008fb00000, 0x000000008fb00000, 0x000000008fc00000|  0%| F|  |TAMS 0x000000008fb00000, 0x000000008fb00000| Untracked 
| 252|0x000000008fc00000, 0x000000008fc00000, 0x000000008fd00000|  0%| F|  |TAMS 0x000000008fc00000, 0x000000008fc00000| Untracked 
| 253|0x000000008fd00000, 0x000000008fd00000, 0x000000008fe00000|  0%| F|  |TAMS 0x000000008fd00000, 0x000000008fd00000| Untracked 
| 254|0x000000008fe00000, 0x000000008fe00000, 0x000000008ff00000|  0%| F|  |TAMS 0x000000008fe00000, 0x000000008fe00000| Untracked 
| 255|0x000000008ff00000, 0x000000008ff00000, 0x0000000090000000|  0%| F|  |TAMS 0x000000008ff00000, 0x000000008ff00000| Untracked 
| 256|0x0000000090000000, 0x0000000090000000, 0x0000000090100000|  0%| F|  |TAMS 0x0000000090000000, 0x0000000090000000| Untracked 
| 257|0x0000000090100000, 0x0000000090100000, 0x0000000090200000|  0%| F|  |TAMS 0x0000000090100000, 0x0000000090100000| Untracked 
| 258|0x0000000090200000, 0x0000000090200000, 0x0000000090300000|  0%| F|  |TAMS 0x0000000090200000, 0x0000000090200000| Untracked 
| 259|0x0000000090300000, 0x0000000090300000, 0x0000000090400000|  0%| F|  |TAMS 0x0000000090300000, 0x0000000090300000| Untracked 
| 260|0x0000000090400000, 0x0000000090400000, 0x0000000090500000|  0%| F|  |TAMS 0x0000000090400000, 0x0000000090400000| Untracked 
| 261|0x0000000090500000, 0x0000000090500000, 0x0000000090600000|  0%| F|  |TAMS 0x0000000090500000, 0x0000000090500000| Untracked 
| 262|0x0000000090600000, 0x0000000090600000, 0x0000000090700000|  0%| F|  |TAMS 0x0000000090600000, 0x0000000090600000| Untracked 
| 263|0x0000000090700000, 0x0000000090700000, 0x0000000090800000|  0%| F|  |TAMS 0x0000000090700000, 0x0000000090700000| Untracked 
| 264|0x0000000090800000, 0x0000000090800000, 0x0000000090900000|  0%| F|  |TAMS 0x0000000090800000, 0x0000000090800000| Untracked 
| 265|0x0000000090900000, 0x0000000090900000, 0x0000000090a00000|  0%| F|  |TAMS 0x0000000090900000, 0x0000000090900000| Untracked 
| 266|0x0000000090a00000, 0x0000000090a00000, 0x0000000090b00000|  0%| F|  |TAMS 0x0000000090a00000, 0x0000000090a00000| Untracked 
| 267|0x0000000090b00000, 0x0000000090b00000, 0x0000000090c00000|  0%| F|  |TAMS 0x0000000090b00000, 0x0000000090b00000| Untracked 
| 268|0x0000000090c00000, 0x0000000090c00000, 0x0000000090d00000|  0%| F|  |TAMS 0x0000000090c00000, 0x0000000090c00000| Untracked 
| 269|0x0000000090d00000, 0x0000000090d00000, 0x0000000090e00000|  0%| F|  |TAMS 0x0000000090d00000, 0x0000000090d00000| Untracked 
| 270|0x0000000090e00000, 0x0000000090e00000, 0x0000000090f00000|  0%| F|  |TAMS 0x0000000090e00000, 0x0000000090e00000| Untracked 
| 271|0x0000000090f00000, 0x0000000090f00000, 0x0000000091000000|  0%| F|  |TAMS 0x0000000090f00000, 0x0000000090f00000| Untracked 
| 272|0x0000000091000000, 0x0000000091000000, 0x0000000091100000|  0%| F|  |TAMS 0x0000000091000000, 0x0000000091000000| Untracked 
| 273|0x0000000091100000, 0x0000000091100000, 0x0000000091200000|  0%| F|  |TAMS 0x0000000091100000, 0x0000000091100000| Untracked 
| 274|0x0000000091200000, 0x0000000091200000, 0x0000000091300000|  0%| F|  |TAMS 0x0000000091200000, 0x0000000091200000| Untracked 
| 275|0x0000000091300000, 0x0000000091300000, 0x0000000091400000|  0%| F|  |TAMS 0x0000000091300000, 0x0000000091300000| Untracked 
| 276|0x0000000091400000, 0x0000000091400000, 0x0000000091500000|  0%| F|  |TAMS 0x0000000091400000, 0x0000000091400000| Untracked 
| 277|0x0000000091500000, 0x0000000091500000, 0x0000000091600000|  0%| F|  |TAMS 0x0000000091500000, 0x0000000091500000| Untracked 
| 278|0x0000000091600000, 0x0000000091600000, 0x0000000091700000|  0%| F|  |TAMS 0x0000000091600000, 0x0000000091600000| Untracked 
| 279|0x0000000091700000, 0x0000000091700000, 0x0000000091800000|  0%| F|  |TAMS 0x0000000091700000, 0x0000000091700000| Untracked 
| 280|0x0000000091800000, 0x0000000091800000, 0x0000000091900000|  0%| F|  |TAMS 0x0000000091800000, 0x0000000091800000| Untracked 
| 281|0x0000000091900000, 0x0000000091900000, 0x0000000091a00000|  0%| F|  |TAMS 0x0000000091900000, 0x0000000091900000| Untracked 
| 282|0x0000000091a00000, 0x0000000091a00000, 0x0000000091b00000|  0%| F|  |TAMS 0x0000000091a00000, 0x0000000091a00000| Untracked 
| 283|0x0000000091b00000, 0x0000000091b00000, 0x0000000091c00000|  0%| F|  |TAMS 0x0000000091b00000, 0x0000000091b00000| Untracked 
| 284|0x0000000091c00000, 0x0000000091c00000, 0x0000000091d00000|  0%| F|  |TAMS 0x0000000091c00000, 0x0000000091c00000| Untracked 
| 285|0x0000000091d00000, 0x0000000091d00000, 0x0000000091e00000|  0%| F|  |TAMS 0x0000000091d00000, 0x0000000091d00000| Untracked 
| 286|0x0000000091e00000, 0x0000000091e00000, 0x0000000091f00000|  0%| F|  |TAMS 0x0000000091e00000, 0x0000000091e00000| Untracked 
| 287|0x0000000091f00000, 0x0000000091f00000, 0x0000000092000000|  0%| F|  |TAMS 0x0000000091f00000, 0x0000000091f00000| Untracked 
| 288|0x0000000092000000, 0x0000000092000000, 0x0000000092100000|  0%| F|  |TAMS 0x0000000092000000, 0x0000000092000000| Untracked 
| 289|0x0000000092100000, 0x0000000092100000, 0x0000000092200000|  0%| F|  |TAMS 0x0000000092100000, 0x0000000092100000| Untracked 
| 290|0x0000000092200000, 0x0000000092200000, 0x0000000092300000|  0%| F|  |TAMS 0x0000000092200000, 0x0000000092200000| Untracked 
| 291|0x0000000092300000, 0x0000000092300000, 0x0000000092400000|  0%| F|  |TAMS 0x0000000092300000, 0x0000000092300000| Untracked 
| 292|0x0000000092400000, 0x0000000092400000, 0x0000000092500000|  0%| F|  |TAMS 0x0000000092400000, 0x0000000092400000| Untracked 
| 293|0x0000000092500000, 0x0000000092500000, 0x0000000092600000|  0%| F|  |TAMS 0x0000000092500000, 0x0000000092500000| Untracked 
| 294|0x0000000092600000, 0x0000000092600000, 0x0000000092700000|  0%| F|  |TAMS 0x0000000092600000, 0x0000000092600000| Untracked 
| 295|0x0000000092700000, 0x0000000092700000, 0x0000000092800000|  0%| F|  |TAMS 0x0000000092700000, 0x0000000092700000| Untracked 
| 296|0x0000000092800000, 0x0000000092800000, 0x0000000092900000|  0%| F|  |TAMS 0x0000000092800000, 0x0000000092800000| Untracked 
| 297|0x0000000092900000, 0x0000000092900000, 0x0000000092a00000|  0%| F|  |TAMS 0x0000000092900000, 0x0000000092900000| Untracked 
| 298|0x0000000092a00000, 0x0000000092a00000, 0x0000000092b00000|  0%| F|  |TAMS 0x0000000092a00000, 0x0000000092a00000| Untracked 
| 299|0x0000000092b00000, 0x0000000092b00000, 0x0000000092c00000|  0%| F|  |TAMS 0x0000000092b00000, 0x0000000092b00000| Untracked 
| 300|0x0000000092c00000, 0x0000000092c00000, 0x0000000092d00000|  0%| F|  |TAMS 0x0000000092c00000, 0x0000000092c00000| Untracked 
| 301|0x0000000092d00000, 0x0000000092d00000, 0x0000000092e00000|  0%| F|  |TAMS 0x0000000092d00000, 0x0000000092d00000| Untracked 
| 302|0x0000000092e00000, 0x0000000092e00000, 0x0000000092f00000|  0%| F|  |TAMS 0x0000000092e00000, 0x0000000092e00000| Untracked 
| 303|0x0000000092f00000, 0x0000000092f00000, 0x0000000093000000|  0%| F|  |TAMS 0x0000000092f00000, 0x0000000092f00000| Untracked 
| 304|0x0000000093000000, 0x0000000093000000, 0x0000000093100000|  0%| F|  |TAMS 0x0000000093000000, 0x0000000093000000| Untracked 
| 305|0x0000000093100000, 0x0000000093100000, 0x0000000093200000|  0%| F|  |TAMS 0x0000000093100000, 0x0000000093100000| Untracked 
| 306|0x0000000093200000, 0x0000000093200000, 0x0000000093300000|  0%| F|  |TAMS 0x0000000093200000, 0x0000000093200000| Untracked 
| 307|0x0000000093300000, 0x0000000093300000, 0x0000000093400000|  0%| F|  |TAMS 0x0000000093300000, 0x0000000093300000| Untracked 
| 308|0x0000000093400000, 0x0000000093400000, 0x0000000093500000|  0%| F|  |TAMS 0x0000000093400000, 0x0000000093400000| Untracked 
| 309|0x0000000093500000, 0x0000000093500000, 0x0000000093600000|  0%| F|  |TAMS 0x0000000093500000, 0x0000000093500000| Untracked 
| 310|0x0000000093600000, 0x0000000093600000, 0x0000000093700000|  0%| F|  |TAMS 0x0000000093600000, 0x0000000093600000| Untracked 
| 311|0x0000000093700000, 0x0000000093700000, 0x0000000093800000|  0%| F|  |TAMS 0x0000000093700000, 0x0000000093700000| Untracked 
| 312|0x0000000093800000, 0x0000000093800000, 0x0000000093900000|  0%| F|  |TAMS 0x0000000093800000, 0x0000000093800000| Untracked 
| 313|0x0000000093900000, 0x0000000093900000, 0x0000000093a00000|  0%| F|  |TAMS 0x0000000093900000, 0x0000000093900000| Untracked 
| 314|0x0000000093a00000, 0x0000000093a00000, 0x0000000093b00000|  0%| F|  |TAMS 0x0000000093a00000, 0x0000000093a00000| Untracked 
| 315|0x0000000093b00000, 0x0000000093b00000, 0x0000000093c00000|  0%| F|  |TAMS 0x0000000093b00000, 0x0000000093b00000| Untracked 
| 316|0x0000000093c00000, 0x0000000093c00000, 0x0000000093d00000|  0%| F|  |TAMS 0x0000000093c00000, 0x0000000093c00000| Untracked 
| 317|0x0000000093d00000, 0x0000000093d00000, 0x0000000093e00000|  0%| F|  |TAMS 0x0000000093d00000, 0x0000000093d00000| Untracked 
| 318|0x0000000093e00000, 0x0000000093e00000, 0x0000000093f00000|  0%| F|  |TAMS 0x0000000093e00000, 0x0000000093e00000| Untracked 
| 319|0x0000000093f00000, 0x0000000093f00000, 0x0000000094000000|  0%| F|  |TAMS 0x0000000093f00000, 0x0000000093f00000| Untracked 
| 320|0x0000000094000000, 0x0000000094000000, 0x0000000094100000|  0%| F|  |TAMS 0x0000000094000000, 0x0000000094000000| Untracked 
| 321|0x0000000094100000, 0x0000000094100000, 0x0000000094200000|  0%| F|  |TAMS 0x0000000094100000, 0x0000000094100000| Untracked 
| 322|0x0000000094200000, 0x0000000094200000, 0x0000000094300000|  0%| F|  |TAMS 0x0000000094200000, 0x0000000094200000| Untracked 
| 323|0x0000000094300000, 0x0000000094300000, 0x0000000094400000|  0%| F|  |TAMS 0x0000000094300000, 0x0000000094300000| Untracked 
| 324|0x0000000094400000, 0x0000000094400000, 0x0000000094500000|  0%| F|  |TAMS 0x0000000094400000, 0x0000000094400000| Untracked 
| 325|0x0000000094500000, 0x0000000094500000, 0x0000000094600000|  0%| F|  |TAMS 0x0000000094500000, 0x0000000094500000| Untracked 
| 326|0x0000000094600000, 0x0000000094600000, 0x0000000094700000|  0%| F|  |TAMS 0x0000000094600000, 0x0000000094600000| Untracked 
| 327|0x0000000094700000, 0x0000000094700000, 0x0000000094800000|  0%| F|  |TAMS 0x0000000094700000, 0x0000000094700000| Untracked 
| 328|0x0000000094800000, 0x0000000094800000, 0x0000000094900000|  0%| F|  |TAMS 0x0000000094800000, 0x0000000094800000| Untracked 
| 329|0x0000000094900000, 0x0000000094900000, 0x0000000094a00000|  0%| F|  |TAMS 0x0000000094900000, 0x0000000094900000| Untracked 
| 330|0x0000000094a00000, 0x0000000094a00000, 0x0000000094b00000|  0%| F|  |TAMS 0x0000000094a00000, 0x0000000094a00000| Untracked 
| 331|0x0000000094b00000, 0x0000000094b1bc50, 0x0000000094c00000| 10%| S|CS|TAMS 0x0000000094b00000, 0x0000000094b00000| Complete 
| 332|0x0000000094c00000, 0x0000000094d00000, 0x0000000094d00000|100%| S|CS|TAMS 0x0000000094c00000, 0x0000000094c00000| Complete 
| 333|0x0000000094d00000, 0x0000000094e00000, 0x0000000094e00000|100%| S|CS|TAMS 0x0000000094d00000, 0x0000000094d00000| Complete 
| 334|0x0000000094e00000, 0x0000000094f00000, 0x0000000094f00000|100%| S|CS|TAMS 0x0000000094e00000, 0x0000000094e00000| Complete 
| 335|0x0000000094f00000, 0x0000000095000000, 0x0000000095000000|100%| S|CS|TAMS 0x0000000094f00000, 0x0000000094f00000| Complete 
| 336|0x0000000095000000, 0x0000000095100000, 0x0000000095100000|100%| S|CS|TAMS 0x0000000095000000, 0x0000000095000000| Complete 
| 337|0x0000000095100000, 0x0000000095200000, 0x0000000095200000|100%| S|CS|TAMS 0x0000000095100000, 0x0000000095100000| Complete 
| 338|0x0000000095200000, 0x0000000095300000, 0x0000000095300000|100%| S|CS|TAMS 0x0000000095200000, 0x0000000095200000| Complete 
| 339|0x0000000095300000, 0x0000000095300000, 0x0000000095400000|  0%| F|  |TAMS 0x0000000095300000, 0x0000000095300000| Untracked 
| 340|0x0000000095400000, 0x0000000095400000, 0x0000000095500000|  0%| F|  |TAMS 0x0000000095400000, 0x0000000095400000| Untracked 
| 341|0x0000000095500000, 0x0000000095500000, 0x0000000095600000|  0%| F|  |TAMS 0x0000000095500000, 0x0000000095500000| Untracked 
| 342|0x0000000095600000, 0x0000000095600000, 0x0000000095700000|  0%| F|  |TAMS 0x0000000095600000, 0x0000000095600000| Untracked 
| 343|0x0000000095700000, 0x0000000095700000, 0x0000000095800000|  0%| F|  |TAMS 0x0000000095700000, 0x0000000095700000| Untracked 
| 344|0x0000000095800000, 0x0000000095800000, 0x0000000095900000|  0%| F|  |TAMS 0x0000000095800000, 0x0000000095800000| Untracked 
| 345|0x0000000095900000, 0x0000000095900000, 0x0000000095a00000|  0%| F|  |TAMS 0x0000000095900000, 0x0000000095900000| Untracked 
| 346|0x0000000095a00000, 0x0000000095a00000, 0x0000000095b00000|  0%| F|  |TAMS 0x0000000095a00000, 0x0000000095a00000| Untracked 
| 347|0x0000000095b00000, 0x0000000095b00000, 0x0000000095c00000|  0%| F|  |TAMS 0x0000000095b00000, 0x0000000095b00000| Untracked 
| 348|0x0000000095c00000, 0x0000000095c00000, 0x0000000095d00000|  0%| F|  |TAMS 0x0000000095c00000, 0x0000000095c00000| Untracked 
| 349|0x0000000095d00000, 0x0000000095d00000, 0x0000000095e00000|  0%| F|  |TAMS 0x0000000095d00000, 0x0000000095d00000| Untracked 
| 350|0x0000000095e00000, 0x0000000095e00000, 0x0000000095f00000|  0%| F|  |TAMS 0x0000000095e00000, 0x0000000095e00000| Untracked 
| 351|0x0000000095f00000, 0x0000000095f00000, 0x0000000096000000|  0%| F|  |TAMS 0x0000000095f00000, 0x0000000095f00000| Untracked 
| 352|0x0000000096000000, 0x0000000096000000, 0x0000000096100000|  0%| F|  |TAMS 0x0000000096000000, 0x0000000096000000| Untracked 
| 353|0x0000000096100000, 0x0000000096100000, 0x0000000096200000|  0%| F|  |TAMS 0x0000000096100000, 0x0000000096100000| Untracked 
| 354|0x0000000096200000, 0x0000000096200000, 0x0000000096300000|  0%| F|  |TAMS 0x0000000096200000, 0x0000000096200000| Untracked 
| 355|0x0000000096300000, 0x0000000096300000, 0x0000000096400000|  0%| F|  |TAMS 0x0000000096300000, 0x0000000096300000| Untracked 
| 356|0x0000000096400000, 0x0000000096400000, 0x0000000096500000|  0%| F|  |TAMS 0x0000000096400000, 0x0000000096400000| Untracked 
| 357|0x0000000096500000, 0x0000000096500000, 0x0000000096600000|  0%| F|  |TAMS 0x0000000096500000, 0x0000000096500000| Untracked 
| 358|0x0000000096600000, 0x0000000096600000, 0x0000000096700000|  0%| F|  |TAMS 0x0000000096600000, 0x0000000096600000| Untracked 
| 359|0x0000000096700000, 0x0000000096700000, 0x0000000096800000|  0%| F|  |TAMS 0x0000000096700000, 0x0000000096700000| Untracked 
| 360|0x0000000096800000, 0x0000000096800000, 0x0000000096900000|  0%| F|  |TAMS 0x0000000096800000, 0x0000000096800000| Untracked 
| 361|0x0000000096900000, 0x0000000096900000, 0x0000000096a00000|  0%| F|  |TAMS 0x0000000096900000, 0x0000000096900000| Untracked 
| 362|0x0000000096a00000, 0x0000000096a00000, 0x0000000096b00000|  0%| F|  |TAMS 0x0000000096a00000, 0x0000000096a00000| Untracked 
| 363|0x0000000096b00000, 0x0000000096b00000, 0x0000000096c00000|  0%| F|  |TAMS 0x0000000096b00000, 0x0000000096b00000| Untracked 
| 364|0x0000000096c00000, 0x0000000096c00000, 0x0000000096d00000|  0%| F|  |TAMS 0x0000000096c00000, 0x0000000096c00000| Untracked 
| 365|0x0000000096d00000, 0x0000000096d00000, 0x0000000096e00000|  0%| F|  |TAMS 0x0000000096d00000, 0x0000000096d00000| Untracked 
| 366|0x0000000096e00000, 0x0000000096e00000, 0x0000000096f00000|  0%| F|  |TAMS 0x0000000096e00000, 0x0000000096e00000| Untracked 
| 367|0x0000000096f00000, 0x0000000096f00000, 0x0000000097000000|  0%| F|  |TAMS 0x0000000096f00000, 0x0000000096f00000| Untracked 
| 368|0x0000000097000000, 0x0000000097000000, 0x0000000097100000|  0%| F|  |TAMS 0x0000000097000000, 0x0000000097000000| Untracked 
| 369|0x0000000097100000, 0x0000000097100000, 0x0000000097200000|  0%| F|  |TAMS 0x0000000097100000, 0x0000000097100000| Untracked 
| 370|0x0000000097200000, 0x0000000097200000, 0x0000000097300000|  0%| F|  |TAMS 0x0000000097200000, 0x0000000097200000| Untracked 
| 371|0x0000000097300000, 0x0000000097300000, 0x0000000097400000|  0%| F|  |TAMS 0x0000000097300000, 0x0000000097300000| Untracked 
| 372|0x0000000097400000, 0x0000000097400000, 0x0000000097500000|  0%| F|  |TAMS 0x0000000097400000, 0x0000000097400000| Untracked 
| 373|0x0000000097500000, 0x0000000097500000, 0x0000000097600000|  0%| F|  |TAMS 0x0000000097500000, 0x0000000097500000| Untracked 
| 374|0x0000000097600000, 0x0000000097600000, 0x0000000097700000|  0%| F|  |TAMS 0x0000000097600000, 0x0000000097600000| Untracked 
| 375|0x0000000097700000, 0x0000000097700000, 0x0000000097800000|  0%| F|  |TAMS 0x0000000097700000, 0x0000000097700000| Untracked 
| 376|0x0000000097800000, 0x0000000097800000, 0x0000000097900000|  0%| F|  |TAMS 0x0000000097800000, 0x0000000097800000| Untracked 
| 377|0x0000000097900000, 0x0000000097900000, 0x0000000097a00000|  0%| F|  |TAMS 0x0000000097900000, 0x0000000097900000| Untracked 
| 378|0x0000000097a00000, 0x0000000097a00000, 0x0000000097b00000|  0%| F|  |TAMS 0x0000000097a00000, 0x0000000097a00000| Untracked 
| 379|0x0000000097b00000, 0x0000000097b00000, 0x0000000097c00000|  0%| F|  |TAMS 0x0000000097b00000, 0x0000000097b00000| Untracked 
| 380|0x0000000097c00000, 0x0000000097c00000, 0x0000000097d00000|  0%| F|  |TAMS 0x0000000097c00000, 0x0000000097c00000| Untracked 
| 381|0x0000000097d00000, 0x0000000097d00000, 0x0000000097e00000|  0%| F|  |TAMS 0x0000000097d00000, 0x0000000097d00000| Untracked 
| 382|0x0000000097e00000, 0x0000000097e00000, 0x0000000097f00000|  0%| F|  |TAMS 0x0000000097e00000, 0x0000000097e00000| Untracked 
| 383|0x0000000097f00000, 0x0000000097f00000, 0x0000000098000000|  0%| F|  |TAMS 0x0000000097f00000, 0x0000000097f00000| Untracked 
| 384|0x0000000098000000, 0x0000000098000000, 0x0000000098100000|  0%| F|  |TAMS 0x0000000098000000, 0x0000000098000000| Untracked 
| 385|0x0000000098100000, 0x0000000098100000, 0x0000000098200000|  0%| F|  |TAMS 0x0000000098100000, 0x0000000098100000| Untracked 
| 386|0x0000000098200000, 0x0000000098200000, 0x0000000098300000|  0%| F|  |TAMS 0x0000000098200000, 0x0000000098200000| Untracked 
| 387|0x0000000098300000, 0x0000000098300000, 0x0000000098400000|  0%| F|  |TAMS 0x0000000098300000, 0x0000000098300000| Untracked 
| 388|0x0000000098400000, 0x0000000098400000, 0x0000000098500000|  0%| F|  |TAMS 0x0000000098400000, 0x0000000098400000| Untracked 
| 389|0x0000000098500000, 0x0000000098500000, 0x0000000098600000|  0%| F|  |TAMS 0x0000000098500000, 0x0000000098500000| Untracked 
|1036|0x00000000c0c00000, 0x00000000c0c00000, 0x00000000c0d00000|  0%| F|  |TAMS 0x00000000c0c00000, 0x00000000c0c00000| Untracked 
|1037|0x00000000c0d00000, 0x00000000c0d00000, 0x00000000c0e00000|  0%| F|  |TAMS 0x00000000c0d00000, 0x00000000c0d00000| Untracked 
|1038|0x00000000c0e00000, 0x00000000c0e00000, 0x00000000c0f00000|  0%| F|  |TAMS 0x00000000c0e00000, 0x00000000c0e00000| Untracked 
|1039|0x00000000c0f00000, 0x00000000c0f00000, 0x00000000c1000000|  0%| F|  |TAMS 0x00000000c0f00000, 0x00000000c0f00000| Untracked 
|1040|0x00000000c1000000, 0x00000000c1000000, 0x00000000c1100000|  0%| F|  |TAMS 0x00000000c1000000, 0x00000000c1000000| Untracked 
|1041|0x00000000c1100000, 0x00000000c1100000, 0x00000000c1200000|  0%| F|  |TAMS 0x00000000c1100000, 0x00000000c1100000| Untracked 
|1042|0x00000000c1200000, 0x00000000c1200000, 0x00000000c1300000|  0%| F|  |TAMS 0x00000000c1200000, 0x00000000c1200000| Untracked 
|1043|0x00000000c1300000, 0x00000000c1300000, 0x00000000c1400000|  0%| F|  |TAMS 0x00000000c1300000, 0x00000000c1300000| Untracked 
|1044|0x00000000c1400000, 0x00000000c1400000, 0x00000000c1500000|  0%| F|  |TAMS 0x00000000c1400000, 0x00000000c1400000| Untracked 
|1065|0x00000000c2900000, 0x00000000c2900000, 0x00000000c2a00000|  0%| F|  |TAMS 0x00000000c2900000, 0x00000000c2900000| Untracked 

Card table byte_map: [0x000001487cb70000,0x000001487cf70000] _byte_map_base: 0x000001487c770000

Marking Bits (Prev, Next): (CMBitMap*) 0x0000014867ea3ee0, (CMBitMap*) 0x0000014867ea3ea0
 Prev Bits: [0x0000014800000000, 0x0000014802000000)
 Next Bits: [0x000001487d370000, 0x000001487f370000)

Polling page: 0x000001486cac0000

Metaspace:

Usage:
  Non-class:    128.70 MB used.
      Class:     19.52 MB used.
       Both:    148.23 MB used.

Virtual space:
  Non-class space:      136.00 MB reserved,     129.56 MB ( 95%) committed,  17 nodes.
      Class space:        1.00 GB reserved,      20.44 MB (  2%) committed,  1 nodes.
             Both:        1.13 GB reserved,     150.00 MB ( 13%) committed. 

Chunk freelists:
   Non-Class:  2.44 MB
       Class:  3.62 MB
        Both:  6.05 MB

MaxMetaspaceSize: unlimited
CompressedClassSpaceSize: 1.00 GB
Initial GC threshold: 21.00 MB
Current GC threshold: 249.69 MB
CDS: off
MetaspaceReclaimPolicy: balanced
 - commit_granule_bytes: 65536.
 - commit_granule_words: 8192.
 - virtual_space_node_default_size: 1048576.
 - enlarge_chunks_in_place: 1.
 - new_chunks_are_fully_committed: 0.
 - uncommit_free_chunks: 1.
 - use_allocation_guard: 0.
 - handle_deallocations: 1.


Internal statistics:

num_allocs_failed_limit: 9.
num_arena_births: 3848.
num_arena_deaths: 350.
num_vsnodes_births: 18.
num_vsnodes_deaths: 0.
num_space_committed: 2400.
num_space_uncommitted: 0.
num_chunks_returned_to_freelist: 446.
num_chunks_taken_from_freelist: 10402.
num_chunk_merges: 126.
num_chunk_splits: 6155.
num_chunks_enlarged: 3303.
num_purges: 16.
num_inconsistent_stats: 0.

CodeHeap 'non-profiled nmethods': size=120000Kb used=25810Kb max_used=25810Kb free=94189Kb
 bounds [0x00000148745b0000, 0x0000014875ef0000, 0x000001487bae0000]
CodeHeap 'profiled nmethods': size=120000Kb used=52546Kb max_used=54128Kb free=67453Kb
 bounds [0x000001486cae0000, 0x000001486ffc0000, 0x0000014874010000]
CodeHeap 'non-nmethods': size=5760Kb used=2507Kb max_used=2594Kb free=3252Kb
 bounds [0x0000014874010000, 0x00000148742b0000, 0x00000148745b0000]
 total_blobs=28980 nmethods=27925 adapters=965
 compilation: enabled
              stopped_count=0, restarted_count=0
 full_count=0

Compilation events (20 events):
Event: 9876.059 Thread 0x0000014804c2fa90 36625       4       org.gradle.api.internal.artifacts.ivyservice.resolveengine.result.ComponentSelectorSerializer$OptimizingAttributeContainerSerializer::read (80 bytes)
Event: 9876.066 Thread 0x0000014804c2fa90 nmethod 36625 0x0000014875ee2190 code [0x0000014875ee23a0, 0x0000014875ee2aa0]
Event: 9876.066 Thread 0x0000014804c2fa90 36626       4       org.gradle.api.internal.artifacts.ivyservice.resolveengine.result.ComponentSelectorSerializer::readCapabilities (70 bytes)
Event: 9876.079 Thread 0x0000014804c2fa90 nmethod 36626 0x0000014875ee3090 code [0x0000014875ee32e0, 0x0000014875ee3da0]
Event: 9876.085 Thread 0x0000014804c2fa90 36631       4       java.util.concurrent.ConcurrentLinkedQueue::<init> (21 bytes)
Event: 9876.095 Thread 0x0000014804c2fa90 nmethod 36631 0x0000014875ee4610 code [0x0000014875ee47a0, 0x0000014875ee4a18]
Event: 9876.102 Thread 0x0000014804c5e7d0 36632       3       kotlin.collections.AbstractIterator::hasNext (81 bytes)
Event: 9876.103 Thread 0x0000014804c5e7d0 nmethod 36632 0x000001486e806710 code [0x000001486e806900, 0x000001486e806e58]
Event: 9876.105 Thread 0x0000014804c5e7d0 36633       3       kotlin.sequences.FilteringSequence$iterator$1::next (44 bytes)
Event: 9876.107 Thread 0x0000014804c5e7d0 nmethod 36633 0x000001486f994e10 code [0x000001486f994fc0, 0x000001486f995298]
Event: 9876.123 Thread 0x0000014804c5e7d0 36634       3       com.google.common.collect.ImmutableMapEntrySet::contains (51 bytes)
Event: 9876.124 Thread 0x0000014804c5e7d0 nmethod 36634 0x000001486e736c10 code [0x000001486e736e20, 0x000001486e737608]
Event: 9876.125 Thread 0x0000014804c5e7d0 36637       3       org.gradle.internal.vfs.impl.VersionHierarchy$2::handleAsDescendantOfChild (10 bytes)
Event: 9876.129 Thread 0x0000014804c5e7d0 nmethod 36637 0x000001486f04cf90 code [0x000001486f04d140, 0x000001486f04d368]
Event: 9876.129 Thread 0x0000014804c5e7d0 36638       3       org.gradle.internal.vfs.impl.VersionHierarchy$2::handleAsDescendantOfChild (14 bytes)
Event: 9876.131 Thread 0x0000014804c5e7d0 nmethod 36638 0x000001486ece7090 code [0x000001486ece7240, 0x000001486ece73a8]
Event: 9876.131 Thread 0x0000014804c5e7d0 36635       3       java.util.stream.AbstractPipeline::spliterator (116 bytes)
Event: 9876.138 Thread 0x0000014804c5e7d0 nmethod 36635 0x000001486e7b2b90 code [0x000001486e7b2e00, 0x000001486e7b3888]
Event: 9876.138 Thread 0x0000014804c5e7d0 36636       3       java.util.LinkedList$LLSpliterator::tryAdvance (84 bytes)
Event: 9876.141 Thread 0x0000014804c5e7d0 nmethod 36636 0x000001486ef06290 code [0x000001486ef06480, 0x000001486ef069b8]

GC Heap History (20 events):
Event: 9231.000 GC heap after
{Heap after GC invocations=98 (full 0):
 garbage-first heap   total 409600K, used 118373K [0x0000000080000000, 0x0000000100000000)
  region size 1024K, 3 young (3072K), 3 survivors (3072K)
 Metaspace       used 151274K, committed 153088K, reserved 1187840K
  class space    used 19984K, committed 20864K, reserved 1048576K
}
Event: 9231.427 GC heap before
{Heap before GC invocations=98 (full 0):
 garbage-first heap   total 409600K, used 160357K [0x0000000080000000, 0x0000000100000000)
  region size 1024K, 46 young (47104K), 3 survivors (3072K)
 Metaspace       used 151336K, committed 153152K, reserved 1187840K
  class space    used 19984K, committed 20864K, reserved 1048576K
}
Event: 9231.439 GC heap after
{Heap after GC invocations=99 (full 0):
 garbage-first heap   total 409600K, used 122247K [0x0000000080000000, 0x0000000100000000)
  region size 1024K, 7 young (7168K), 7 survivors (7168K)
 Metaspace       used 151336K, committed 153152K, reserved 1187840K
  class space    used 19984K, committed 20864K, reserved 1048576K
}
Event: 9395.289 GC heap before
{Heap before GC invocations=100 (full 0):
 garbage-first heap   total 409600K, used 335239K [0x0000000080000000, 0x0000000100000000)
  region size 1024K, 188 young (192512K), 7 survivors (7168K)
 Metaspace       used 151488K, committed 153344K, reserved 1187840K
  class space    used 19987K, committed 20928K, reserved 1048576K
}
Event: 9395.361 GC heap after
{Heap after GC invocations=101 (full 0):
 garbage-first heap   total 409600K, used 142160K [0x0000000080000000, 0x0000000100000000)
  region size 1024K, 24 young (24576K), 24 survivors (24576K)
 Metaspace       used 151488K, committed 153344K, reserved 1187840K
  class space    used 19987K, committed 20928K, reserved 1048576K
}
Event: 9395.366 GC heap before
{Heap before GC invocations=101 (full 0):
 garbage-first heap   total 409600K, used 143184K [0x0000000080000000, 0x0000000100000000)
  region size 1024K, 25 young (25600K), 24 survivors (24576K)
 Metaspace       used 151488K, committed 153344K, reserved 1187840K
  class space    used 19987K, committed 20928K, reserved 1048576K
}
Event: 9395.841 GC heap after
{Heap after GC invocations=102 (full 0):
 garbage-first heap   total 409600K, used 139021K [0x0000000080000000, 0x0000000100000000)
  region size 1024K, 4 young (4096K), 4 survivors (4096K)
 Metaspace       used 151488K, committed 153344K, reserved 1187840K
  class space    used 19987K, committed 20928K, reserved 1048576K
}
Event: 9396.251 GC heap before
{Heap before GC invocations=102 (full 0):
 garbage-first heap   total 409600K, used 157453K [0x0000000080000000, 0x0000000100000000)
  region size 1024K, 23 young (23552K), 4 survivors (4096K)
 Metaspace       used 151545K, committed 153408K, reserved 1187840K
  class space    used 19987K, committed 20928K, reserved 1048576K
}
Event: 9396.269 GC heap after
{Heap after GC invocations=103 (full 0):
 garbage-first heap   total 409600K, used 137917K [0x0000000080000000, 0x0000000100000000)
  region size 1024K, 3 young (3072K), 3 survivors (3072K)
 Metaspace       used 151545K, committed 153408K, reserved 1187840K
  class space    used 19987K, committed 20928K, reserved 1048576K
}
Event: 9397.168 GC heap before
{Heap before GC invocations=104 (full 0):
 garbage-first heap   total 409600K, used 227005K [0x0000000080000000, 0x0000000100000000)
  region size 1024K, 89 young (91136K), 3 survivors (3072K)
 Metaspace       used 151614K, committed 153472K, reserved 1187840K
  class space    used 19989K, committed 20928K, reserved 1048576K
}
Event: 9397.177 GC heap after
{Heap after GC invocations=105 (full 0):
 garbage-first heap   total 409600K, used 141558K [0x0000000080000000, 0x0000000100000000)
  region size 1024K, 7 young (7168K), 7 survivors (7168K)
 Metaspace       used 151614K, committed 153472K, reserved 1187840K
  class space    used 19989K, committed 20928K, reserved 1048576K
}
Event: 9397.303 GC heap before
{Heap before GC invocations=105 (full 0):
 garbage-first heap   total 409600K, used 154870K [0x0000000080000000, 0x0000000100000000)
  region size 1024K, 20 young (20480K), 7 survivors (7168K)
 Metaspace       used 151625K, committed 153472K, reserved 1187840K
  class space    used 19989K, committed 20928K, reserved 1048576K
}
Event: 9397.318 GC heap after
{Heap after GC invocations=106 (full 0):
 garbage-first heap   total 409600K, used 120963K [0x0000000080000000, 0x0000000100000000)
  region size 1024K, 2 young (2048K), 2 survivors (2048K)
 Metaspace       used 151625K, committed 153472K, reserved 1187840K
  class space    used 19989K, committed 20928K, reserved 1048576K
}
Event: 9397.340 GC heap before
{Heap before GC invocations=106 (full 0):
 garbage-first heap   total 409600K, used 121987K [0x0000000080000000, 0x0000000100000000)
  region size 1024K, 4 young (4096K), 2 survivors (2048K)
 Metaspace       used 151625K, committed 153472K, reserved 1187840K
  class space    used 19989K, committed 20928K, reserved 1048576K
}
Event: 9397.345 GC heap after
{Heap after GC invocations=107 (full 0):
 garbage-first heap   total 409600K, used 119961K [0x0000000080000000, 0x0000000100000000)
  region size 1024K, 1 young (1024K), 1 survivors (1024K)
 Metaspace       used 151625K, committed 153472K, reserved 1187840K
  class space    used 19989K, committed 20928K, reserved 1048576K
}
Event: 9583.955 GC heap before
{Heap before GC invocations=108 (full 0):
 garbage-first heap   total 409600K, used 315545K [0x0000000080000000, 0x0000000100000000)
  region size 1024K, 184 young (188416K), 1 survivors (1024K)
 Metaspace       used 151725K, committed 153600K, reserved 1187840K
  class space    used 19990K, committed 20928K, reserved 1048576K
}
Event: 9583.961 GC heap after
{Heap after GC invocations=109 (full 0):
 garbage-first heap   total 409600K, used 123481K [0x0000000080000000, 0x0000000100000000)
  region size 1024K, 6 young (6144K), 6 survivors (6144K)
 Metaspace       used 151725K, committed 153600K, reserved 1187840K
  class space    used 19990K, committed 20928K, reserved 1048576K
}
Event: 9584.035 GC heap before
{Heap before GC invocations=109 (full 0):
 garbage-first heap   total 409600K, used 137817K [0x0000000080000000, 0x0000000100000000)
  region size 1024K, 20 young (20480K), 6 survivors (6144K)
 Metaspace       used 151730K, committed 153600K, reserved 1187840K
  class space    used 19990K, committed 20928K, reserved 1048576K
}
Event: 9584.049 GC heap after
{Heap after GC invocations=110 (full 0):
 garbage-first heap   total 409600K, used 118473K [0x0000000080000000, 0x0000000100000000)
  region size 1024K, 2 young (2048K), 2 survivors (2048K)
 Metaspace       used 151730K, committed 153600K, reserved 1187840K
  class space    used 19990K, committed 20928K, reserved 1048576K
}
Event: 9876.152 GC heap before
{Heap before GC invocations=110 (full 0):
 garbage-first heap   total 409600K, used 176841K [0x0000000080000000, 0x0000000100000000)
  region size 1024K, 61 young (62464K), 2 survivors (2048K)
 Metaspace       used 151783K, committed 153600K, reserved 1187840K
  class space    used 19991K, committed 20928K, reserved 1048576K
}

Dll operation events (2 events):
Event: 0.010 Loaded shared library C:\Program Files\Android\Android Studio\jbr\bin\java.dll
Event: 0.504 Loaded shared library C:\Program Files\Android\Android Studio\jbr\bin\verify.dll

Deoptimization events (20 events):
Event: 9583.979 Thread 0x000001480e50efa0 DEOPT PACKING pc=0x000001486d44f5f0 sp=0x0000000a65afc8c0
Event: 9583.979 Thread 0x000001480e50efa0 DEOPT UNPACKING pc=0x0000014874067143 sp=0x0000000a65afbd60 mode 0
Event: 9584.005 Thread 0x000001480e50ead0 DEOPT PACKING pc=0x000001486e7db2d0 sp=0x0000000a659fa4c0
Event: 9584.005 Thread 0x000001480e50ead0 DEOPT UNPACKING pc=0x0000014874067143 sp=0x0000000a659f9920 mode 0
Event: 9872.070 Thread 0x00000148079bc120 Uncommon trap: trap_request=0xffffffbe fr.pc=0x000001487582d210 relative=0x00000000000002f0
Event: 9872.070 Thread 0x00000148079bc120 Uncommon trap: reason=profile_predicate action=maybe_recompile pc=0x000001487582d210 method=sun.security.provider.HashDrbg.addBytes([BI[[B)V @ 36 c2
Event: 9872.070 Thread 0x00000148079bc120 DEOPT PACKING pc=0x000001487582d210 sp=0x0000000a5acfe5e0
Event: 9872.071 Thread 0x00000148079bc120 DEOPT UNPACKING pc=0x00000148740669a3 sp=0x0000000a5acfe530 mode 2
Event: 9872.075 Thread 0x00000148079bc120 Uncommon trap: trap_request=0xffffffbe fr.pc=0x000001487582d210 relative=0x00000000000002f0
Event: 9872.075 Thread 0x00000148079bc120 Uncommon trap: reason=profile_predicate action=maybe_recompile pc=0x000001487582d210 method=sun.security.provider.HashDrbg.addBytes([BI[[B)V @ 36 c2
Event: 9872.075 Thread 0x00000148079bc120 DEOPT PACKING pc=0x000001487582d210 sp=0x0000000a5acfe920
Event: 9872.077 Thread 0x00000148079bc120 DEOPT UNPACKING pc=0x00000148740669a3 sp=0x0000000a5acfe870 mode 2
Event: 9872.863 Thread 0x000001480a9d4760 Uncommon trap: trap_request=0xffffffbe fr.pc=0x000001487582d210 relative=0x00000000000002f0
Event: 9872.863 Thread 0x000001480a9d4760 Uncommon trap: reason=profile_predicate action=maybe_recompile pc=0x000001487582d210 method=sun.security.provider.HashDrbg.addBytes([BI[[B)V @ 36 c2
Event: 9872.863 Thread 0x000001480a9d4760 DEOPT PACKING pc=0x000001487582d210 sp=0x0000000a5b3fca60
Event: 9872.863 Thread 0x000001480a9d4760 DEOPT UNPACKING pc=0x00000148740669a3 sp=0x0000000a5b3fc9b0 mode 2
Event: 9872.863 Thread 0x000001480a9d4760 Uncommon trap: trap_request=0xffffffbe fr.pc=0x000001487582d210 relative=0x00000000000002f0
Event: 9872.863 Thread 0x000001480a9d4760 Uncommon trap: reason=profile_predicate action=maybe_recompile pc=0x000001487582d210 method=sun.security.provider.HashDrbg.addBytes([BI[[B)V @ 36 c2
Event: 9872.863 Thread 0x000001480a9d4760 DEOPT PACKING pc=0x000001487582d210 sp=0x0000000a5b3fca60
Event: 9872.863 Thread 0x000001480a9d4760 DEOPT UNPACKING pc=0x00000148740669a3 sp=0x0000000a5b3fc9b0 mode 2

Classes unloaded (20 events):
Event: 3698.755 Thread 0x00000148041e3a20 Unloading class 0x0000000100192800 'java/lang/invoke/LambdaForm$MH+0x0000000100192800'
Event: 3698.755 Thread 0x00000148041e3a20 Unloading class 0x0000000100192000 'java/lang/invoke/LambdaForm$MH+0x0000000100192000'
Event: 3698.755 Thread 0x00000148041e3a20 Unloading class 0x0000000100191c00 'java/lang/invoke/LambdaForm$MH+0x0000000100191c00'
Event: 3698.755 Thread 0x00000148041e3a20 Unloading class 0x0000000100191800 'java/lang/invoke/LambdaForm$MH+0x0000000100191800'
Event: 3698.755 Thread 0x00000148041e3a20 Unloading class 0x0000000100191400 'java/lang/invoke/LambdaForm$MH+0x0000000100191400'
Event: 3698.755 Thread 0x00000148041e3a20 Unloading class 0x0000000100190c00 'java/lang/invoke/LambdaForm$MH+0x0000000100190c00'
Event: 3698.755 Thread 0x00000148041e3a20 Unloading class 0x00000001000a6c00 'java/lang/invoke/LambdaForm$MH+0x00000001000a6c00'
Event: 3698.755 Thread 0x00000148041e3a20 Unloading class 0x00000001000a6800 'java/lang/invoke/LambdaForm$MH+0x00000001000a6800'
Event: 3698.755 Thread 0x00000148041e3a20 Unloading class 0x00000001000a6000 'java/lang/invoke/LambdaForm$MH+0x00000001000a6000'
Event: 3698.755 Thread 0x00000148041e3a20 Unloading class 0x00000001000a4400 'java/lang/invoke/LambdaForm$MH+0x00000001000a4400'
Event: 4263.208 Thread 0x00000148041e3a20 Unloading class 0x00000001011ba400 'jdk/internal/reflect/GeneratedConstructorAccessor106'
Event: 4263.208 Thread 0x00000148041e3a20 Unloading class 0x00000001011ba000 'jdk/internal/reflect/GeneratedConstructorAccessor105'
Event: 4263.208 Thread 0x00000148041e3a20 Unloading class 0x00000001011b8800 'jdk/internal/reflect/GeneratedConstructorAccessor104'
Event: 4263.209 Thread 0x00000148041e3a20 Unloading class 0x000000010115c400 'jdk/internal/reflect/GeneratedSerializationConstructorAccessor89'
Event: 4263.209 Thread 0x00000148041e3a20 Unloading class 0x000000010115c000 'jdk/internal/reflect/GeneratedSerializationConstructorAccessor88'
Event: 4263.209 Thread 0x00000148041e3a20 Unloading class 0x0000000101158400 'jdk/internal/reflect/GeneratedSerializationConstructorAccessor85'
Event: 4263.211 Thread 0x00000148041e3a20 Unloading class 0x0000000100d90400 'jdk/internal/reflect/GeneratedSerializationConstructorAccessor61'
Event: 5830.658 Thread 0x00000148041e3a20 Unloading class 0x0000000100949400 'java/lang/invoke/LambdaForm$MH+0x0000000100949400'
Event: 5830.658 Thread 0x00000148041e3a20 Unloading class 0x0000000100949000 'java/lang/invoke/LambdaForm$MH+0x0000000100949000'
Event: 5830.658 Thread 0x00000148041e3a20 Unloading class 0x0000000100948800 'java/lang/invoke/LambdaForm$MH+0x0000000100948800'

Classes redefined (0 events):
No events

Internal exceptions (20 events):
Event: 9583.910 Thread 0x0000014808afb340 Exception <a 'sun/nio/fs/WindowsException'{0x000000008de9a8a8}> (0x000000008de9a8a8) 
thrown [s\src\hotspot\share\prims\jni.cpp, line 517]
Event: 9583.911 Thread 0x0000014808afb340 Exception <a 'sun/nio/fs/WindowsException'{0x000000008de9bb38}> (0x000000008de9bb38) 
thrown [s\src\hotspot\share\prims\jni.cpp, line 517]
Event: 9583.941 Thread 0x000001480845f5d0 Exception <a 'sun/nio/fs/WindowsException'{0x000000008daa9e68}> (0x000000008daa9e68) 
thrown [s\src\hotspot\share\prims\jni.cpp, line 517]
Event: 9584.023 Thread 0x000001480a6abef0 Exception <a 'sun/nio/fs/WindowsException'{0x00000000984515d0}> (0x00000000984515d0) 
thrown [s\src\hotspot\share\prims\jni.cpp, line 517]
Event: 9584.028 Thread 0x000001480845cf50 Exception <a 'sun/nio/fs/WindowsException'{0x0000000098311348}> (0x0000000098311348) 
thrown [s\src\hotspot\share\prims\jni.cpp, line 517]
Event: 9584.061 Thread 0x000001480e511150 Exception <a 'sun/nio/fs/WindowsException'{0x00000000c1264ba0}> (0x00000000c1264ba0) 
thrown [s\src\hotspot\share\prims\jni.cpp, line 517]
Event: 9584.063 Thread 0x000001480e511150 Exception <a 'sun/nio/fs/WindowsException'{0x00000000c1108320}> (0x00000000c1108320) 
thrown [s\src\hotspot\share\prims\jni.cpp, line 517]
Event: 9584.074 Thread 0x0000014808afb340 Exception <a 'sun/nio/fs/WindowsException'{0x00000000c11a95e8}> (0x00000000c11a95e8) 
thrown [s\src\hotspot\share\prims\jni.cpp, line 517]
Event: 9584.074 Thread 0x0000014808afb340 Exception <a 'sun/nio/fs/WindowsException'{0x00000000c11a9a38}> (0x00000000c11a9a38) 
thrown [s\src\hotspot\share\prims\jni.cpp, line 517]
Event: 9584.075 Thread 0x0000014808afb340 Exception <a 'sun/nio/fs/WindowsException'{0x00000000c11ab948}> (0x00000000c11ab948) 
thrown [s\src\hotspot\share\prims\jni.cpp, line 517]
Event: 9874.465 Thread 0x000001480a9d4760 Exception <a 'sun/nio/fs/WindowsException'{0x00000000964a3258}> (0x00000000964a3258) 
thrown [s\src\hotspot\share\prims\jni.cpp, line 517]
Event: 9874.888 Thread 0x000001480a9d4760 Exception <a 'java/lang/NoClassDefFoundError'{0x00000000961d0678}: org/jetbrains/kotlin/gradle/plugin/KotlinBasePluginWrapper> (0x00000000961d0678) 
thrown [s\src\hotspot\share\oops\constantPool.cpp, line 835]
Event: 9874.963 Thread 0x000001480a9d4760 Exception <a 'sun/nio/fs/WindowsException'{0x0000000095ed1520}> (0x0000000095ed1520) 
thrown [s\src\hotspot\share\prims\jni.cpp, line 517]
Event: 9875.024 Thread 0x000001480a9d4760 Exception <a 'sun/nio/fs/WindowsException'{0x0000000095d6fc40}> (0x0000000095d6fc40) 
thrown [s\src\hotspot\share\prims\jni.cpp, line 517]
Event: 9875.024 Thread 0x000001480a9d4760 Exception <a 'sun/nio/fs/WindowsException'{0x0000000095d70e80}> (0x0000000095d70e80) 
thrown [s\src\hotspot\share\prims\jni.cpp, line 517]
Event: 9875.025 Thread 0x000001480a9d4760 Exception <a 'sun/nio/fs/WindowsException'{0x0000000095d72110}> (0x0000000095d72110) 
thrown [s\src\hotspot\share\prims\jni.cpp, line 517]
Event: 9875.025 Thread 0x000001480a9d4760 Exception <a 'sun/nio/fs/WindowsException'{0x0000000095d733a0}> (0x0000000095d733a0) 
thrown [s\src\hotspot\share\prims\jni.cpp, line 517]
Event: 9875.115 Thread 0x000001480571b170 Exception <a 'sun/nio/fs/WindowsException'{0x0000000095adbec8}> (0x0000000095adbec8) 
thrown [s\src\hotspot\share\prims\jni.cpp, line 517]
Event: 9876.093 Thread 0x000001480571b170 Exception <a 'sun/nio/fs/WindowsException'{0x00000000954a6248}> (0x00000000954a6248) 
thrown [s\src\hotspot\share\prims\jni.cpp, line 517]
Event: 9876.093 Thread 0x000001480571b170 Exception <a 'sun/nio/fs/WindowsException'{0x00000000954a68f0}> (0x00000000954a68f0) 
thrown [s\src\hotspot\share\prims\jni.cpp, line 517]

VM Operations (20 events):
Event: 9415.410 Executing VM operation: HandshakeAllThreads done
Event: 9415.410 Executing VM operation: Cleanup
Event: 9415.411 Executing VM operation: Cleanup done
Event: 9417.411 Executing VM operation: Cleanup
Event: 9417.411 Executing VM operation: Cleanup done
Event: 9531.471 Executing VM operation: Cleanup
Event: 9531.472 Executing VM operation: Cleanup done
Event: 9533.472 Executing VM operation: Cleanup
Event: 9533.472 Executing VM operation: Cleanup done
Event: 9583.955 Executing VM operation: G1CollectForAllocation
Event: 9583.961 Executing VM operation: G1CollectForAllocation done
Event: 9584.035 Executing VM operation: G1CollectForAllocation
Event: 9584.049 Executing VM operation: G1CollectForAllocation done
Event: 9585.049 Executing VM operation: Cleanup
Event: 9585.049 Executing VM operation: Cleanup done
Event: 9874.187 Executing VM operation: Cleanup
Event: 9874.195 Executing VM operation: Cleanup done
Event: 9875.195 Executing VM operation: Cleanup
Event: 9875.250 Executing VM operation: Cleanup done
Event: 9876.152 Executing VM operation: G1TryInitiateConcMark

Events (20 events):
Event: 9874.290 Thread 0x000001480a751750 Thread added: 0x000001480a751750
Event: 9874.290 Thread 0x000001480a751c20 Thread added: 0x000001480a751c20
Event: 9874.290 Thread 0x000001480a752a90 Thread added: 0x000001480a752a90
Event: 9874.291 Thread 0x000001480a7520f0 Thread added: 0x000001480a7520f0
Event: 9874.291 Thread 0x000001480a64c750 Thread added: 0x000001480a64c750
Event: 9874.291 Thread 0x000001480a64b410 Thread added: 0x000001480a64b410
Event: 9874.410 Thread 0x000001480f4f4740 Thread added: 0x000001480f4f4740
Event: 9875.101 Thread 0x000001480f4f3da0 Thread added: 0x000001480f4f3da0
Event: 9875.105 Thread 0x000001480dbfd400 Thread added: 0x000001480dbfd400
Event: 9875.106 Thread 0x000001480dbfbbf0 Thread added: 0x000001480dbfbbf0
Event: 9875.106 Thread 0x000001480f4aa970 Thread added: 0x000001480f4aa970
Event: 9875.106 Thread 0x000001480f4ab7e0 Thread added: 0x000001480f4ab7e0
Event: 9875.107 Thread 0x000001480f4ab310 Thread added: 0x000001480f4ab310
Event: 9875.107 Thread 0x000001480f4a9fd0 Thread added: 0x000001480f4a9fd0
Event: 9875.107 Thread 0x000001480f4aae40 Thread added: 0x000001480f4aae40
Event: 9875.107 Thread 0x000001480f4aa4a0 Thread added: 0x000001480f4aa4a0
Event: 9875.107 Thread 0x0000014805719960 Thread added: 0x0000014805719960
Event: 9875.109 Thread 0x000001480571b170 Thread added: 0x000001480571b170
Event: 9875.109 Thread 0x000001480845e290 Thread added: 0x000001480845e290
Event: 9875.109 Thread 0x0000014805719e30 Thread added: 0x0000014805719e30


Dynamic libraries:
0x00007ff75d3f0000 - 0x00007ff75d3fa000 	C:\Program Files\Android\Android Studio\jbr\bin\java.exe
0x00007ffd1b750000 - 0x00007ffd1b964000 	C:\WINDOWS\SYSTEM32\ntdll.dll
0x00007ffd19ce0000 - 0x00007ffd19da2000 	C:\WINDOWS\System32\KERNEL32.DLL
0x00007ffd18fa0000 - 0x00007ffd19343000 	C:\WINDOWS\System32\KERNELBASE.dll
0x00007ffd19350000 - 0x00007ffd19461000 	C:\WINDOWS\System32\ucrtbase.dll
0x00007ffcff250000 - 0x00007ffcff26b000 	C:\Program Files\Android\Android Studio\jbr\bin\VCRUNTIME140.dll
0x00007ffcfe1c0000 - 0x00007ffcfe1d7000 	C:\Program Files\Android\Android Studio\jbr\bin\jli.dll
0x00007ffd19db0000 - 0x00007ffd19f5b000 	C:\WINDOWS\System32\USER32.dll
0x00007ffd18cf0000 - 0x00007ffd18d16000 	C:\WINDOWS\System32\win32u.dll
0x00007ffd0d770000 - 0x00007ffd0d9fe000 	C:\WINDOWS\WinSxS\amd64_microsoft.windows.common-controls_6595b64144ccf1df_6.0.22621.1635_none_270f70857386168e\COMCTL32.dll
0x00007ffd19780000 - 0x00007ffd197a9000 	C:\WINDOWS\System32\GDI32.dll
0x00007ffd196d0000 - 0x00007ffd19777000 	C:\WINDOWS\System32\msvcrt.dll
0x00007ffd18b50000 - 0x00007ffd18c69000 	C:\WINDOWS\System32\gdi32full.dll
0x00007ffd18f00000 - 0x00007ffd18f9a000 	C:\WINDOWS\System32\msvcp_win.dll
0x00007ffd19ab0000 - 0x00007ffd19ae1000 	C:\WINDOWS\System32\IMM32.DLL
0x00007ffd07610000 - 0x00007ffd0761c000 	C:\Program Files\Android\Android Studio\jbr\bin\vcruntime140_1.dll
0x00007ffce0080000 - 0x00007ffce010d000 	C:\Program Files\Android\Android Studio\jbr\bin\msvcp140.dll
0x00007ffce5c00000 - 0x00007ffce686d000 	C:\Program Files\Android\Android Studio\jbr\bin\server\jvm.dll
0x00007ffd1b2f0000 - 0x00007ffd1b39e000 	C:\WINDOWS\System32\ADVAPI32.dll
0x00007ffd1ab70000 - 0x00007ffd1ac14000 	C:\WINDOWS\System32\sechost.dll
0x00007ffd1b1b0000 - 0x00007ffd1b2c7000 	C:\WINDOWS\System32\RPCRT4.dll
0x00007ffd10440000 - 0x00007ffd10449000 	C:\WINDOWS\SYSTEM32\WSOCK32.dll
0x00007ffd12490000 - 0x00007ffd1249a000 	C:\WINDOWS\SYSTEM32\VERSION.dll
0x00007ffd0dda0000 - 0x00007ffd0ddd4000 	C:\WINDOWS\SYSTEM32\WINMM.dll
0x00007ffd1b130000 - 0x00007ffd1b1a1000 	C:\WINDOWS\System32\WS2_32.dll
0x00007ffd17b60000 - 0x00007ffd17b78000 	C:\WINDOWS\SYSTEM32\kernel.appcore.dll
0x00007ffd15ed0000 - 0x00007ffd15eda000 	C:\Program Files\Android\Android Studio\jbr\bin\jimage.dll
0x00007ffd05b30000 - 0x00007ffd05d5e000 	C:\WINDOWS\SYSTEM32\DBGHELP.DLL
0x00007ffd19f60000 - 0x00007ffd1a2e9000 	C:\WINDOWS\System32\combase.dll
0x00007ffd1b630000 - 0x00007ffd1b707000 	C:\WINDOWS\System32\OLEAUT32.dll
0x00007ffd05aa0000 - 0x00007ffd05ad2000 	C:\WINDOWS\SYSTEM32\dbgcore.DLL
0x00007ffd18c70000 - 0x00007ffd18ceb000 	C:\WINDOWS\System32\bcryptPrimitives.dll
0x00007ffd0e5f0000 - 0x00007ffd0e615000 	C:\Program Files\Android\Android Studio\jbr\bin\java.dll
0x00007ffd14040000 - 0x00007ffd14058000 	C:\Program Files\Android\Android Studio\jbr\bin\zip.dll
0x00007ffd1a370000 - 0x00007ffd1ab6a000 	C:\WINDOWS\System32\SHELL32.dll
0x00007ffd16b00000 - 0x00007ffd173ce000 	C:\WINDOWS\SYSTEM32\windows.storage.dll
0x00007ffd169c0000 - 0x00007ffd16afe000 	C:\WINDOWS\SYSTEM32\wintypes.dll
0x00007ffd19be0000 - 0x00007ffd19cd1000 	C:\WINDOWS\System32\SHCORE.dll
0x00007ffd19b50000 - 0x00007ffd19bae000 	C:\WINDOWS\System32\shlwapi.dll
0x00007ffd18a80000 - 0x00007ffd18aa1000 	C:\WINDOWS\SYSTEM32\profapi.dll
0x00007ffd0fab0000 - 0x00007ffd0fac9000 	C:\Program Files\Android\Android Studio\jbr\bin\net.dll
0x00007ffd11f30000 - 0x00007ffd12067000 	C:\WINDOWS\SYSTEM32\WINHTTP.dll
0x00007ffd17fc0000 - 0x00007ffd18029000 	C:\WINDOWS\system32\mswsock.dll
0x00007ffd0e5d0000 - 0x00007ffd0e5e6000 	C:\Program Files\Android\Android Studio\jbr\bin\nio.dll
0x00007ffd0d020000 - 0x00007ffd0d030000 	C:\Program Files\Android\Android Studio\jbr\bin\verify.dll
0x00007ffcffee0000 - 0x00007ffcfff07000 	C:\Users\Aris\.gradle\native\68d5fa5c4cc2d200863cafc0d521ce42e7d3e7ee720ec0a83991735586a16f82\windows-amd64\native-platform.dll
0x00007ffcdd0b0000 - 0x00007ffcdd1f4000 	C:\Users\Aris\.gradle\native\e376f236ea51e6404a007f0833ffe2c6e607c4080706a723a18a27aeea778392\windows-amd64\native-platform-file-events.dll
0x00007ffd12e20000 - 0x00007ffd12e29000 	C:\Program Files\Android\Android Studio\jbr\bin\management.dll
0x00007ffd0e5c0000 - 0x00007ffd0e5cb000 	C:\Program Files\Android\Android Studio\jbr\bin\management_ext.dll
0x00007ffd1b3a0000 - 0x00007ffd1b3a8000 	C:\WINDOWS\System32\PSAPI.DLL
0x00007ffd182b0000 - 0x00007ffd182cb000 	C:\WINDOWS\SYSTEM32\CRYPTSP.dll
0x00007ffd17ad0000 - 0x00007ffd17b05000 	C:\WINDOWS\system32\rsaenh.dll
0x00007ffd18060000 - 0x00007ffd18088000 	C:\WINDOWS\SYSTEM32\USERENV.dll
0x00007ffd18520000 - 0x00007ffd18548000 	C:\WINDOWS\SYSTEM32\bcrypt.dll
0x00007ffd181d0000 - 0x00007ffd181dc000 	C:\WINDOWS\SYSTEM32\CRYPTBASE.dll
0x00007ffd17630000 - 0x00007ffd1765d000 	C:\WINDOWS\SYSTEM32\IPHLPAPI.DLL
0x00007ffd1a2f0000 - 0x00007ffd1a2f9000 	C:\WINDOWS\System32\NSI.dll
0x00007ffd124a0000 - 0x00007ffd124b9000 	C:\WINDOWS\SYSTEM32\dhcpcsvc6.DLL
0x00007ffd11d10000 - 0x00007ffd11d2f000 	C:\WINDOWS\SYSTEM32\dhcpcsvc.DLL
0x00007ffd176a0000 - 0x00007ffd17793000 	C:\WINDOWS\SYSTEM32\DNSAPI.dll
0x00007ffd0cc90000 - 0x00007ffd0cc98000 	C:\WINDOWS\system32\wshunix.dll
0x00007ffd106b0000 - 0x00007ffd106ba000 	C:\Windows\System32\rasadhlp.dll
0x00007ffd10c70000 - 0x00007ffd10cf4000 	C:\WINDOWS\System32\fwpuclnt.dll
0x00007ffd17b80000 - 0x00007ffd17bb4000 	C:\WINDOWS\SYSTEM32\ntmarta.dll

dbghelp: loaded successfully - version: 4.0.5 - missing functions: none
symbol engine: initialized successfully - sym options: 0x614 - pdb path: .;C:\Program Files\Android\Android Studio\jbr\bin;C:\WINDOWS\SYSTEM32;C:\WINDOWS\WinSxS\amd64_microsoft.windows.common-controls_6595b64144ccf1df_6.0.22621.1635_none_270f70857386168e;C:\Program Files\Android\Android Studio\jbr\bin\server;C:\Users\Aris\.gradle\native\68d5fa5c4cc2d200863cafc0d521ce42e7d3e7ee720ec0a83991735586a16f82\windows-amd64;C:\Users\Aris\.gradle\native\e376f236ea51e6404a007f0833ffe2c6e607c4080706a723a18a27aeea778392\windows-amd64

VM Arguments:
jvm_args: --add-opens=java.base/java.util=ALL-UNNAMED --add-opens=java.base/java.lang=ALL-UNNAMED --add-opens=java.base/java.lang.invoke=ALL-UNNAMED --add-opens=java.prefs/java.util.prefs=ALL-UNNAMED --add-opens=java.base/java.nio.charset=ALL-UNNAMED --add-opens=java.base/java.net=ALL-UNNAMED --add-opens=java.base/java.util.concurrent.atomic=ALL-UNNAMED -Xmx2048m -Dfile.encoding=UTF-8 -Duser.country=GR -Duser.language=el -Duser.variant 
java_command: org.gradle.launcher.daemon.bootstrap.GradleDaemon 8.0
java_class_path (initial): C:\Users\Aris\.gradle\wrapper\dists\gradle-8.0-bin\ca5e32bp14vu59qr306oxotwh\gradle-8.0\lib\gradle-launcher-8.0.jar
Launcher Type: SUN_STANDARD

[Global flags]
     intx CICompilerCount                          = 4                                         {product} {ergonomic}
     uint ConcGCThreads                            = 3                                         {product} {ergonomic}
     uint G1ConcRefinementThreads                  = 10                                        {product} {ergonomic}
   size_t G1HeapRegionSize                         = 1048576                                   {product} {ergonomic}
    uintx GCDrainStackTargetSize                   = 64                                        {product} {ergonomic}
   size_t InitialHeapSize                          = 134217728                                 {product} {ergonomic}
   size_t MarkStackSize                            = 4194304                                   {product} {ergonomic}
   size_t MaxHeapSize                              = 2147483648                                {product} {command line}
   size_t MaxNewSize                               = 1287651328                                {product} {ergonomic}
   size_t MinHeapDeltaBytes                        = 1048576                                   {product} {ergonomic}
   size_t MinHeapSize                              = 8388608                                   {product} {ergonomic}
    uintx NonNMethodCodeHeapSize                   = 5839372                                {pd product} {ergonomic}
    uintx NonProfiledCodeHeapSize                  = 122909434                              {pd product} {ergonomic}
    uintx ProfiledCodeHeapSize                     = 122909434                              {pd product} {ergonomic}
    uintx ReservedCodeCacheSize                    = 251658240                              {pd product} {ergonomic}
     bool SegmentedCodeCache                       = true                                      {product} {ergonomic}
   size_t SoftMaxHeapSize                          = 2147483648                             {manageable} {ergonomic}
     bool UseCompressedClassPointers               = true                           {product lp64_product} {ergonomic}
     bool UseCompressedOops                        = true                           {product lp64_product} {ergonomic}
     bool UseG1GC                                  = true                                      {product} {ergonomic}
     bool UseLargePagesIndividualAllocation        = false                                  {pd product} {ergonomic}

Logging:
Log output configuration:
 #0: stdout all=warning uptime,level,tags
 #1: stderr all=off uptime,level,tags

Environment Variables:
PATH=C:\WINDOWS\system32;C:\WINDOWS;C:\WINDOWS\System32\Wbem;C:\WINDOWS\System32\WindowsPowerShell\v1.0\;C:\WINDOWS\System32\OpenSSH\;C:\Program Files\Microsoft SQL Server\Client SDK\ODBC\170\Tools\Binn\;C:\Program Files (x86)\NVIDIA Corporation\PhysX\Common;C:\Program Files\NVIDIA Corporation\NVIDIA NvDLISR;C:\jdk-19.0.1\bin;C:\Users\Aris\AppData\Local\Programs\Microsoft VS Code\bin;C:\Users\Aris\AppData\Local\Microsoft\WindowsApps
USERNAME=Aris
OS=Windows_NT
PROCESSOR_IDENTIFIER=AMD64 Family 23 Model 8 Stepping 2, AuthenticAMD
TMP=C:\Users\Aris\AppData\Local\Temp
TEMP=C:\Users\Aris\AppData\Local\Temp



---------------  S Y S T E M  ---------------

OS:
 Windows 11 , 64 bit Build 22621 (10.0.22621.1778)
OS uptime: 13 days 0:23 hours
Hyper-V role detected

CPU: total 12 (initial active 12) (12 cores per cpu, 2 threads per core) family 23 model 8 stepping 2 microcode 0x0, cx8, cmov, fxsr, ht, mmx, 3dnowpref, sse, sse2, sse3, ssse3, sse4a, sse4.1, sse4.2, popcnt, lzcnt, tsc, tscinvbit, avx, avx2, aes, clmul, bmi1, bmi2, adx, sha, fma, vzeroupper, clflush, clflushopt, hv

Memory: 4k page, system-wide physical 8144M (483M free)
TotalPageFile size 15606M (AvailPageFile size 605M)
current process WorkingSet (physical memory assigned to process): 355M, peak: 680M
current process commit charge ("private bytes"): 859M, peak: 1523M

vm_info: OpenJDK 64-Bit Server VM (17.0.6+0-b2043.56-9586694) for windows-amd64 JRE (17.0.6+0-b2043.56-9586694), built on Feb  9 2023 20:06:20 by "androidbuild" with MS VC++ 16.10 / 16.11 (VS2019)

END.
